Workbook

Sheet アンケート結果
A1: タイムスタンプ | B1: 社員番号 | C1: 氏名 | D1: 研修名をお選び下さい。 | E1: 担当した講師名をお選び下さい。 | F1: ① 研修に満足しましたか？（全く思わない：1、思わない：2、思う：3、強く思う：4） | G1: ② 研修内容は理解出来ましたか？（全く理解出来ていない：1、理解出来ていない：2、理解出来ている：3、十分に理解出来ている：4） | H1: ③ 研修で新たな学びは得られましたか？または必要な知識は得られましたか？（全く得られていない：1、得られていない：2、得られている：3、十分に得られている：4） | I1: ④ 研修内容のボリュームは適切でしたか？（全く適切ではない：1、適切ではない：2、適切である：3、十分に適切である：4） | J1: ⑤ 研修のテキスト、教材に対して満足しましたか？（全く思わない：1、思わない：2、思う：3、強く思う：4） | K1: ⑥ 講師の講義、あるいはフィードバックに対して満足しましたか？（全く思わない：1、思わない：2、思う：3、強く思う：4） | L1: ⑦ 講師は研修内容に関する知識を持っていましたか ？（全く持っていない：1、持っていない：2、持っている：3、十分に持っている：4） | M1: ⑧ 今回の研修で学んだことを、今後の業務で実践する機会はありそうですか？ | N1: ⑨ 研修に対する感想や要望などあれば、自由にご記入下さい。 | O1: ➉ 講師に対する感想や要望などあれば、自由にご記入下さい。 | P1: 受講時期
A2: 45875.741 | B2: 586 | C2: 鈴木 健斗 | D2: プロジェクトマネージャー実践研修 | E2: 永谷 裕子 (プロジェクトマネージャー実践研修担当) | F2: 4 | G2: 4 | H2: 4 | I2: 4 | J2: 4 | K2: 4 | L2: 4 | M2: ある | P2: 第1期
A3: 45875.741 | B3: 1295 | C3: 望月洋平 | D3: プロジェクトマネージャー実践研修 | E3: 永谷 裕子 (プロジェクトマネージャー実践研修担当) | F3: 4 | G3: 4 | H3: 4 | I3: 3 | J3: 3 | K3: 3 | L3: 4 | M3: ある | N3: 座学より演習時間を増やしてほしい | P3: 第1期
A4: 45875.742 | B4: 1117 | C4: 廣田慎太郎 | D4: プロジェクトマネージャー実践研修 | E4: 永谷 裕子 (プロジェクトマネージャー実践研修担当) | F4: 4 | G4: 4 | H4: 4 | I4: 4 | J4: 4 | K4: 4 | L4: 4 | M4: ある | N4: PCを利用しない形式なので良かった。→PC利用するとどうしても仕事をしてしまう場面があるため。 ワークの題材について、引越じゃなく、具体的なIT関連PJにしても良かったと思う(参加者が全員IT経験者のため) | O4: 所々で体験談を挟んでいただいた点が良かったです。ありがとうごさいました。 | P4: 第1期
A5: 45875.742 | B5: 604 | C5: 田中弘紀 | D5: プロジェクトマネージャー実践研修 | E5: 永谷 裕子 (プロジェクトマネージャー実践研修担当) | F5: 3 | G5: 4 | H5: 4 | I5: 4 | J5: 3 | K5: 3 | L5: 4 | M5: ある | N5: 模造紙に手書きでは無く、スプレッドシートやスライドなどで実習に取り組めたら やりやすいと感じました。 | P5: 第1期
A6: 45875.742 | B6: 1350 | C6: 齋藤ダイキ | D6: プロジェクトマネージャー実践研修 | E6: 永谷 裕子 (プロジェクトマネージャー実践研修担当) | F6: 4 | G6: 3 | H6: 4 | I6: 4 | J6: 4 | K6: 4 | L6: 4 | M6: ある | N6: PMでは無いので、PMがどのようなことを考えて業務を行なっているか学びながら体験できてとても良かった | O6: 実務を行なっていた講師なので、踏み込んだ話を聞けたし、いろいろ話ししてくれて楽しい研修だなと感じた | P6: 第1期
A7: 45875.742 | B7: 1140 | C7: 長谷川 裕昭 | D7: プロジェクトマネージャー実践研修 | E7: 永谷 裕子 (プロジェクトマネージャー実践研修担当) | F7: 4 | G7: 4 | H7: 3 | I7: 4 | J7: 4 | K7: 3 | L7: 4 | M7: ある | N7: PMとしてどうするべきか、何をするべきか、何を考えるべきかなど、学び考えることができ非常にいい経験になりました。 | P7: 第1期
A8: 45875.742 | B8: 367 | C8: 小谷大基 | D8: プロジェクトマネージャー実践研修 | E8: 永谷 裕子 (プロジェクトマネージャー実践研修担当) | F8: 4 | G8: 4 | H8: 4 | I8: 4 | J8: 4 | K8: 4 | L8: 4 | M8: ある | N8: PM目指すかどうか関係無くプロジェクト進行についての大事な知識が詰まっているのでうちのエンジニアが全員受けるべきだと思いました。 | O8: 永谷先生の説明は非常に分かりやすく、自己学習でわからなかった点がクリアになってよかったです。 | P8: 第1期
A9: 45875.743 | B9: 1315 | C9: 小畑アリス | D9: プロジェクトマネージャー実践研修 | E9: 永谷 裕子 (プロジェクトマネージャー実践研修担当) | F9: 4 | G9: 4 | H9: 4 | I9: 4 | J9: 4 | K9: 4 | L9: 4 | M9: ある | N9: ワークがたくさんあり楽しかったです。実際に現在担当しているプロジェクトで不安に思ってることや解決策とかを学べました。仕事から離れて対面でやる勉強会はオンラインよりたくさん吸収できたように思います。ありがとうございました。 | O9: ２日間ありがとうございました。いつもワークの発表をした際に、みんなの意見に対して、いいね！と褒めてくださったのがすごく印象的でしたし、日々のMTGで私も真似しようと思いました。pmbokは、本が分厚くて勉強する気にならなかったので、対面でワークたくさんで勉強できたのはすごくありがたかったです。ありがとうございました。これから、PM頑張ります。 | P9: 第1期
A10: 45875.743 | B10: 494 | C10: 阿部幸司 | D10: プロジェクトマネージャー実践研修 | E10: 永谷 裕子 (プロジェクトマネージャー実践研修担当) | F10: 4 | G10: 4 | H10: 4 | I10: 3 | J10: 4 | K10: 4 | L10: 4 | M10: ある | N10: 漠然と知っていたことを体系として知れてよかったです。短い時間の中で要点を押さえての研修だったと思うのでまだまだ奥深いと思っているので復習と自己学習、アウトプットをして忘れないようにしていきたいとおもいます。 | O10: 実際の経験からのお話があってより現場を感じられてよかったです。 | P10: 第1期
A11: 45875.744 | B11: 1332 | C11: 江端隼樹 | D11: プロジェクトマネージャー実践研修 | E11: 永谷 裕子 (プロジェクトマネージャー実践研修担当) | F11: 4 | G11: 4 | H11: 4 | I11: 4 | J11: 4 | K11: 4 | L11: 4 | M11: ある | N11: 今まではっきりとPMという形で参画したプロジェクトはなかったが、WBSの作成やガントチャートは自分なりに作っていた。 ハードスキルは知っていることもあったが、ソフトスキルは知らないことも多かったので、これから身につけたい | O11: 永谷さんの経験もたくさん話してくださり、参考になりました | P11: 第1期
A12: 45875.744 | B12: 345 | C12: 謝花 彰一 | D12: プロジェクトマネージャー実践研修 | E12: 永谷 裕子 (プロジェクトマネージャー実践研修担当) | F12: 4 | G12: 3 | H12: 4 | I12: 3 | J12: 2 | K12: 4 | L12: 4 | M12: ある | N12: 実践パートがもう少し多ければいいかなと思いました。 | O12: 色々な自身の経験談があり楽しく進められた、マネジメントに対する知識も凄いなと思いました。 | P12: 第1期
A13: 45875.745 | B13: 1152 | C13: 片山健太郎 | D13: プロジェクトマネージャー実践研修 | E13: 永谷 裕子 (プロジェクトマネージャー実践研修担当) | F13: 4 | G13: 3 | H13: 4 | I13: 4 | J13: 3 | K13: 4 | L13: 4 | M13: ある | P13: 第1期
A14: 45875.746 | B14: 1438 | C14: 中村円香 | D14: プロジェクトマネージャー実践研修 | E14: 永谷 裕子 (プロジェクトマネージャー実践研修担当) | F14: 4 | G14: 4 | H14: 4 | I14: 3 | J14: 4 | K14: 4 | L14: 4 | M14: ある | N14: 実践形式のテーマがわかりやすく、PMの経験がなくてもわかりやすかったです。 | O14: 話題が豊富で何に対しても回答していただけたので、話しやすかったです。 | P14: 第1期
A15: 45895.757 | B15: 1120 | C15: 辻隆範 | D15: フロントエンドエンジニア実践研修(React) 初級編 | E15: 日暮 香美 (フロントエンドエンジニア実践研修(React) 初級編、中級編担当) | F15: 3 | G15: 3 | H15: 3 | I15: 3 | J15: 2 | K15: 3 | L15: 3 | M15: 分からない | N15: 資料がどこまで含まれているのかわかりずらく、どこから自分である程度調べるべきなのか、これで進め方はあっているのかという不安があった | O15: 丁寧にご対応いただきありがたかったです。 | P15: 第1期
A16: 45895.797 | B16: 1180 | C16: 内藤宏治 | D16: フロントエンドエンジニア実践研修(React) 初級編 | E16: 日暮 香美 (フロントエンドエンジニア実践研修(React) 初級編、中級編担当) | F16: 2 | G16: 3 | H16: 3 | I16: 2 | J16: 1 | K16: 3 | L16: 3 | M16: ある | P16: 第1期
A17: 45898.565 | B17: 1343 | C17: 雪吉礼名 | D17: フロントエンドエンジニア実践研修(React) 中級編 | E17: 柴﨑 良平 (フロントエンドエンジニア実践研修(React) 中級編担当) | F17: 4 | G17: 3 | H17: 4 | I17: 3 | J17: 3 | K17: 4 | L17: 4 | M17: ある | N17: ReduxやSliceをほとんど知らなかったのでつまづくこともありましたが、調べながら進めることができました。 案件が落ち着いている時期だったので、今回は早めに提出ができました。 繁忙期と重なっていたら、課題をこなすのが難しかったかなと感じました。 | O17: 細かい点まで確認していただきありがとうございました。 | P17: 第1期
A18: 45902.745 | B18: 983 | C18: 田中辰弥 | D18: フロントエンドエンジニア実践研修(React) 初級編 | E18: 伊藤 健一 (フロントエンドエンジニア実践研修(React) 初級編担当) | F18: 2 | G18: 3 | H18: 3 | I18: 3 | J18: 2 | K18: 2 | L18: 2 | M18: 分からない | N18: 研修課題が誤記がわりとあったり、問題の内容がわかりづらいところがあったので、もう少し問題内容を正確に作成して頂きたいと思いました。 | P18: 第1期
A19: 45904.462 | B19: 001475 | C19: Joao Henrique Hideki Shirata | D19: クラウドインフラエンジニア実践研修(AWS) 初級編 | E19: 天野 盛介 (クラウドインフラエンジニア実践研修(AWS) 初級編、中級編担当) | F19: 4 | G19: 4 | H19: 4 | I19: 4 | J19: 4 | K19: 4 | L19: 4 | M19: ある | P19: 第1期
A20: 45904.47 | B20: 1430 | C20: 佐々木淳 | D20: クラウドインフラエンジニア実践研修(AWS) 初級編 | E20: 天野 盛介 (クラウドインフラエンジニア実践研修(AWS) 初級編、中級編担当) | F20: 3 | G20: 3 | H20: 3 | I20: 3 | J20: 2 | K20: 3 | L20: 3 | M20: ある | N20: 学びがあり、受講して良かったです。なお、研修テキスト（手順書）についての意見が2点あります。1点目として、品質についてです。手順書の記載誤りにより、手順どおりにいかないところが複数あり、想定以上に時間がかかりました。配布前の確認が不足していると思われます。2点目は、記載内容として、要件と手順以外の記載が少ないため、理解度向上につながるようなTipsを増やすと尚良いと思いました。Tipsの例として、サービスのユースケース、方法が複数あるケースでそれぞれのメリット・デメリット、などです。 | O20: 丁寧にご対応をいただき、ありがとうございました。 | P20: 第1期
A21: 45904.789 | B21: 909 | C21: 緒方遼太郎 | D21: システムエンジニア実践研修 | E21: 大矢 和輝 (システムエンジニア実践研修担当) | F21: 4 | G21: 3 | H21: 4 | I21: 4 | J21: 4 | K21: 4 | L21: 4 | M21: 分からない | O21: 資料を読み込む時間が多くあった、印象なので、別日で事前に読み込める機会があればいいなと思いました。 | P21: 第1期
A22: 45904.789 | B22: 1296 | C22: 南川颯 | D22: システムエンジニア実践研修 | E22: 大矢 和輝 (システムエンジニア実践研修担当) | F22: 2 | G22: 2 | H22: 3 | I22: 3 | J22: 2 | K22: 3 | L22: 3 | M22: ある | P22: 第1期
A23: 45904.79 | B23: 1372 | C23: 本田詞音 | D23: システムエンジニア実践研修 | E23: 大矢 和輝 (システムエンジニア実践研修担当) | F23: 4 | G23: 4 | H23: 4 | I23: 4 | J23: 4 | K23: 4 | L23: 4 | M23: ある | O23: 資料も教え方も実践課題もすごく良く、ためになりました。 | P23: 第1期
A24: 45904.79 | B24: 315 | C24: 足立洋介 | D24: システムエンジニア実践研修 | E24: 大矢 和輝 (システムエンジニア実践研修担当) | F24: 3 | G24: 4 | H24: 3 | I24: 3 | J24: 3 | K24: 3 | L24: 4 | M24: ある | N24: DB定義や画面入力書などを業務上やっていた、見たことがあったため、新たな学びというより復習になる部分が多かった。ユーザー側の要件定義の部分は未知の部分のため経験からの話が大変ためになった。 | P24: 第1期
A25: 45904.79 | B25: 985 | C25: 宇山卓見 | D25: システムエンジニア実践研修 | E25: 大矢 和輝 (システムエンジニア実践研修担当) | F25: 1 | G25: 4 | H25: 2 | I25: 2 | J25: 2 | K25: 3 | L25: 4 | M25: ある | N25: 実業まで普段やっていることより難易度がかなり低く感じた（私にとっては当たり前のことがほとんどだった）。 | O25: 話し方はすごく分かりやすかったので、今回の内容を難しくて感じた方にはいい研修なのかなと思いました。 | P25: 第1期
A26: 45904.79 | B26: 1027 | C26: 畦﨑凜 | D26: システムエンジニア実践研修 | E26: 大矢 和輝 (システムエンジニア実践研修担当) | F26: 3 | G26: 3 | H26: 4 | I26: 3 | J26: 3 | K26: 3 | L26: 3 | M26: ある | P26: 第1期
A27: 45904.791 | B27: 1286 | C27: 古賀巧 | D27: システムエンジニア実践研修 | E27: 大矢 和輝 (システムエンジニア実践研修担当) | F27: 4 | G27: 4 | H27: 4 | I27: 4 | J27: 4 | K27: 4 | L27: 4 | M27: ある | N27: リモートではなく、集まって参加する意味があった。早起き成功してよかった。 頂いた資料がとても参考になったので見返したい。 | O27: リモートではなく、集まって参加する意味があった。早起き成功してよかった。 頂いた資料がとても参考になったので見返したい。 | P27: 第1期
A28: 45904.791 | B28: 001195 | C28: 木俣颯太 | D28: システムエンジニア実践研修 | E28: 大矢 和輝 (システムエンジニア実践研修担当) | F28: 3 | G28: 4 | H28: 4 | I28: 3 | J28: 4 | K28: 3 | L28: 1 | M28: 分からない | N28: 新しい知識の研修でとても勉強になりました。 普段の業務がインフラの運用が主なので今後アプリの設計書や用件定義書を読み込む際にどのような内容が記載あるのかが理解できました。 | P28: 第1期
A29: 45904.792 | B29: 001205 | C29: 佐藤夏実 | D29: システムエンジニア実践研修 | E29: 大矢 和輝 (システムエンジニア実践研修担当) | F29: 3 | G29: 3 | H29: 3 | I29: 3 | J29: 2 | K29: 3 | L29: 3 | M29: 分からない | N29: システムエンジニアの全体像がわかってよかった。あまり知識がなかったのでイーランニングもとてもためになった。イーランニング比べて目的がよくわからなかったらつまずきやすいところなどがまとめられたらよかったかと思った。後半は単純作業だと感じた。 | O29: 本日はありがとうございました。今後システムエンジニアの一部の仕事に関わることもあると思うので今日の経験を活かしたいとおもいました。ありがとうございます。 | P29: 第1期
A30: 45904.793 | B30: 001270 | C30: 山岸一範 | D30: システムエンジニア実践研修 | E30: 大矢 和輝 (システムエンジニア実践研修担当) | F30: 3 | G30: 4 | H30: 2 | I30: 2 | J30: 3 | K30: 3 | L30: 3 | M30: ある | N30: 要件定義、基本設計、詳細設計で作成するドキュメントで曖昧なものがあるので、このケースではこのフェーズで作る必要があるとかも教えて欲しかった。 手で設計書は普段書かないのでPCで書かせて欲しかった。 オンライン開催でPCで課題を各自でやって、出来上がった課題の成果物を画面共有で見せる方が効率がいいと思った。 | O30: 丁寧で質問に対しても詳しく答えてくださって、雰囲気はとてもよかった。 | P30: 第1期
A31: 45904.795 | B31: 1029 | C31: 大橋絵実 | D31: システムエンジニア実践研修 | E31: 大矢 和輝 (システムエンジニア実践研修担当) | F31: 2 | G31: 4 | H31: 2 | I31: 2 | J31: 1 | K31: 2 | L31: 4 | M31: ある | N31: 本日はありがとうございました。完全アナログだったため、より業務に近いように色んなツール等を用いながら学べるとより実践に活かせそうだなあと感じました。また、内容が広く浅くだったため、個人的にはDB設計や業務フローをより深く学びたかったです。 | P31: 第1期
A32: 45904.807 | B32: 001326 | C32: 吉田 優太 | D32: システムエンジニア実践研修 | E32: 大矢 和輝 (システムエンジニア実践研修担当) | F32: 4 | G32: 3 | H32: 4 | I32: 4 | J32: 4 | K32: 3 | L32: 4 | M32: ある | N32: この度は研修の機会をいただきありがとうございました。 今まで要件定義と基本設計を体系的に教わる機会が無かったので、とても有意義でした。 研修内容も現役で上流工程を担当されている方だったので、実務に即した形で大変参考になりました。 一つ要望がありまして、ワーク実施する際の様式が手書きでやりにくさを感じました。 早さと共有しやすさを考慮してPCでやらせてもらえるともっと良かったかなと思いました。 (講師の方も若干やりにくそうでした。。。) Google meetの画面共有を使えば個人単位での発表とかもやりやすそうなので、次期以降で検討もらえればと思います。 とはいえ、満足度は高かったです！ | O32: 今回のような形式での講義は初めてと伺っていましたが、そこまで違和感は無かったです。 段取り周りで若干不慣れな印象を抱きましたが、研修の質や満足度を著しく下げるような物ではなかったです。 スライド資料も読みやすく感じました。 要望としてはせっかく現役で上流やられている方なので、実務であった事をコラム的にもっと聞きたかったかもしれません。 | P32: 第1期
A33: 45908.373 | B33: 023007 | C33: 松永圭悟 | D33: フロントエンドエンジニア実践研修(React) 中級編 | E33: 松永 圭悟 (フロントエンドエンジニア実践研修(React) 初級編、中級編担当) | F33: 3 | G33: 2 | H33: 3 | I33: 2 | J33: 2 | K33: 2 | L33: 1 | M33: 分からない | N33: 提出物の締め切りタイミングを、より早めになるようにして頂ければと思います。 理由として、2日前の提出で確認がだいぶぎりぎりであった為です。 | P33: 第1期
A34: 45911.559 | B34: 737 | C34: 上地航平 | D34: クラウドインフラエンジニア実践研修(AWS) 中級編 | E34: 天野 盛介 (クラウドインフラエンジニア実践研修(AWS) 初級編、中級編担当) | F34: 4 | G34: 4 | H34: 4 | I34: 4 | J34: 4 | K34: 4 | L34: 4 | M34: ある | N34: 普段の担当業務の中では、すでに構築されたECSアプリケーションの開発保守をしています。今回の研修を受講し進めていくなかで構成図ベースでしかECSを理解していませんでしたが、コンソールを触っていくなかで構成図のクラスタはここのコンソール画面とリンクしているといったイメージがついたので、今後の業務（トラシュー）に活用できると感じています。 あと手順書は詳細にかかれており、詰まるところも少なくクオリティは高かったなと思いました。 （一部上手くいかない箇所がありましたが、そのトラシュー含めて勉強になりました。） | O34: 成果物に対する適切なレビューと今後の改修に向けたヒアリングをして頂いたのが良かったです。今後上級コースの新規開設や既存の初級・中級の拡充にも期待しています。 | P34: 第1期
A35: 45911.57 | B35: 1433 | C35: 黒岩勇哉 | D35: クラウドインフラエンジニア実践研修(AWS) 中級編 | E35: 天野 盛介 (クラウドインフラエンジニア実践研修(AWS) 初級編、中級編担当) | F35: 3 | G35: 4 | H35: 4 | I35: 4 | J35: 3 | K35: 3 | L35: 4 | M35: ある | P35: 第1期
A36: 45911.719 | B36: 1172 | C36: 秋山悠 | D36: クラウドインフラエンジニア実践研修(AWS) 初級編 | E36: 天野 盛介 (クラウドインフラエンジニア実践研修(AWS) 初級編、中級編担当) | F36: 3 | G36: 4 | H36: 4 | I36: 3 | J36: 3 | K36: 4 | L36: 4 | M36: ある | P36: 第1期
A37: 45912.638 | B37: 1307 | C37: 中澤勇志 | D37: クラウドインフラエンジニア実践研修(GC) 中級編 | E37: 野川 錦策 (クラウドインフラエンジニア実践研修(GC) 初級編、中級編担当) | F37: 4 | G37: 4 | H37: 3 | I37: 3 | J37: 3 | K37: 3 | L37: 3 | M37: ある | P37: 第1期
A38: 45912.66 | B38: 01124 | C38: 寺田 侃生 | D38: クラウドインフラエンジニア実践研修(GC) 中級編 | E38: 野川 錦策 (クラウドインフラエンジニア実践研修(GC) 初級編、中級編担当) | F38: 4 | G38: 4 | H38: 4 | I38: 3 | J38: 4 | K38: 4 | L38: 4 | M38: ある | N38: 難易度は高いと感じたが達成感を得られてよかった | O38: 特にありません | P38: 第1期
A39: 45912.739 | B39: 150 | C39: 上地佑弥 | D39: プロジェクトマネージャー実践研修 | E39: 永谷 裕子 (プロジェクトマネージャー実践研修担当) | F39: 4 | G39: 4 | H39: 4 | I39: 4 | J39: 4 | K39: 4 | L39: 4 | M39: ある | P39: 第1期
A40: 45912.739 | B40: 742 | C40: 櫻田博之 | D40: プロジェクトマネージャー実践研修 | E40: 永谷 裕子 (プロジェクトマネージャー実践研修担当) | F40: 4 | G40: 4 | H40: 4 | I40: 4 | J40: 4 | K40: 4 | L40: 4 | M40: ある | P40: 第1期
A41: 45912.739 | B41: 790 | C41: 濱村綾 | D41: プロジェクトマネージャー実践研修 | E41: 永谷 裕子 (プロジェクトマネージャー実践研修担当) | F41: 4 | G41: 4 | H41: 4 | I41: 4 | J41: 4 | K41: 4 | L41: 4 | M41: ある | P41: 第1期
A42: 45912.739 | B42: 1364 | C42: 仲地 大樹 | D42: プロジェクトマネージャー実践研修 | E42: 永谷 裕子 (プロジェクトマネージャー実践研修担当) | F42: 4 | G42: 3 | H42: 4 | I42: 4 | J42: 3 | K42: 4 | L42: 4 | M42: ある | P42: 第1期
A43: 45912.739 | B43: 1306 | C43: 鹿嶋未郷 | D43: プロジェクトマネージャー実践研修 | E43: 永谷 裕子 (プロジェクトマネージャー実践研修担当) | F43: 4 | G43: 4 | H43: 4 | I43: 2 | J43: 3 | K43: 4 | L43: 4 | M43: ある | N43: もう少し長めに時間とっていただければ満足です | P43: 第1期
A44: 45912.739 | B44: 952 | C44: 満村雄二 | D44: プロジェクトマネージャー実践研修 | E44: 永谷 裕子 (プロジェクトマネージャー実践研修担当) | F44: 4 | G44: 3 | H44: 4 | I44: 4 | J44: 4 | K44: 4 | L44: 4 | M44: ある | N44: 実戦形式も多く楽しむ事ができました。 ありがとうございました。 | O44: 外資経験のあるような方でとてもユニークな方でした | P44: 第1期
A45: 45912.739 | B45: 1328 | C45: 山本豪 | D45: プロジェクトマネージャー実践研修 | E45: 永谷 裕子 (プロジェクトマネージャー実践研修担当) | F45: 4 | G45: 4 | H45: 4 | I45: 3 | J45: 3 | K45: 4 | L45: 4 | M45: ある | P45: 第1期
A46: 45912.74 | B46: 864 | C46: 中地 悠斗 | D46: プロジェクトマネージャー実践研修 | E46: 永谷 裕子 (プロジェクトマネージャー実践研修担当) | F46: 3 | G46: 4 | H46: 4 | I46: 4 | J46: 3 | K46: 3 | L46: 4 | M46: ある | N46: やはりPCが使えないのが厳しかった。 | P46: 第1期
A47: 45912.74 | B47: 1178 | C47: 青木勝則 | D47: プロジェクトマネージャー実践研修 | E47: 永谷 裕子 (プロジェクトマネージャー実践研修担当) | F47: 4 | G47: 4 | H47: 4 | I47: 4 | J47: 4 | K47: 4 | L47: 4 | M47: ある | N47: 少し端折ったところもあったので3日ぐらいあるとなお良いかかともいました | O47: 勉強になりました！ | P47: 第1期
A48: 45912.74 | B48: 001279 | C48: 秋野光史 | D48: プロジェクトマネージャー実践研修 | E48: 永谷 裕子 (プロジェクトマネージャー実践研修担当) | F48: 4 | G48: 4 | H48: 4 | I48: 4 | J48: 4 | K48: 4 | L48: 4 | M48: ある | P48: 第1期
A49: 45912.74 | B49: 700793 | C49: 畠山大治 | D49: プロジェクトマネージャー実践研修 | E49: 永谷 裕子 (プロジェクトマネージャー実践研修担当) | F49: 4 | G49: 4 | H49: 4 | I49: 4 | J49: 4 | K49: 4 | L49: 4 | M49: ある | P49: 第1期
A50: 45912.74 | B50: 935 | C50: 吉田優作 | D50: プロジェクトマネージャー実践研修 | E50: 永谷 裕子 (プロジェクトマネージャー実践研修担当) | F50: 4 | G50: 4 | H50: 4 | I50: 4 | J50: 4 | K50: 4 | L50: 4 | M50: ある | N50: 業務につなげれる内容が多く非常に参考になりました | P50: 第1期
A51: 45912.742 | B51: 535 | C51: 田原慶 | D51: プロジェクトマネージャー実践研修 | E51: 永谷 裕子 (プロジェクトマネージャー実践研修担当) | F51: 4 | G51: 3 | H51: 3 | I51: 3 | J51: 3 | K51: 3 | L51: 4 | M51: ある | N51: 現代のプロジェクトに活かせるのか？が課題かと思いました。 | O51: アメリカと日本を比較した話がとても良かったです。 | P51: 第1期
A52: 45912.761 | B52: 001258 | C52: 篠藤 誉之 | D52: クラウドインフラエンジニア実践研修(GC) 初級編 | E52: 野川 錦策 (クラウドインフラエンジニア実践研修(GC) 初級編、中級編担当) | F52: 3 | G52: 3 | H52: 3 | I52: 2 | J52: 2 | K52: 3 | L52: 4 | M52: 分からない | N52: 課題の量や学習に費やす時間が多く必要なため、スキルアップ研修を複数こなしていくのは難しいかと思いました。難易度は問題ありませんでした。とても為になりました | P52: 第1期
A53: 45912.775 | B53: 001326 | C53: 吉田 優太 | D53: プロジェクトマネージャー実践研修 | E53: 永谷 裕子 (プロジェクトマネージャー実践研修担当) | F53: 4 | G53: 4 | H53: 4 | I53: 4 | J53: 4 | K53: 4 | L53: 4 | M53: ある | N53: とても有意義な研修だったと思います。 最後に他の方も仰っていましたがプロジェクトマネジメントを体系的に学ぶ機会は中々ないので、貴重な機会でした。 特に「プロジェクトマネジメントの『マネジメント』とは『ただ管理する』という意味でなく『(困難な状況で)なんとか対処する』という意味である」という言葉は目から鱗でした。 内容についてもAIの登場を鑑みたPMが果たすべき役割の変化など、昨今の情勢を考慮した内容となっており、大変参考になるものでした。 ワークについてもこちらは手書きでも無理のない内容になっていて、より実践的だったと思います。(WBSの作成について大変タメになりました。) 総じて受けてよかったと思える研修でした…ありがとうございました。 | O53: 豊富な経験とご実力を伺わせる手腕が研修の内容や進行のやり方に現れていたと思います。 永谷先生によれば本来四日間の研修を圧縮した内容になっているとの事でしたが、内容の選定がプロジェクトを失敗させる大きな要因(計画•コミュニケーション)にフォーカスしており、初学者レベルの私からしても納得かつ満足できる研修内容となっていました。 現役は退かれている？ようでしたが、AIがプロジェクトマネジメントの現場に及ぼす影響などの考察も話されており、知識を更新し続けている姿勢など研修の内容以外でも見習うべきと感じた点が多々ありました。 他にもプロジェクトマネジメントの現場で実際にご経験された事をコラム的にお話されていましたが、聞いていて参考になる所もあり、面白かったです。 前職まで教科書の内容をなぞるようなレベルの研修しか受けていなかったため、確固とした実績•実力のある講師の講義とはこういうものなのか、と感嘆しました。 弊社のPM研修に次回があるのであれば、次も永谷先生に講師をお願いすると良いのではないかなと思いました。 | P53: 第1期
A54: 45912.813 | B54: 804 | C54: 日下 憧 | D54: クラウドインフラエンジニア実践研修(GC) 初級編 | E54: 野川 錦策 (クラウドインフラエンジニア実践研修(GC) 初級編、中級編担当) | F54: 3 | G54: 2 | H54: 3 | I54: 2 | J54: 2 | K54: 4 | L54: 4 | M54: 分からない | N54: 研修内容については難易度の高い部分もありましたが、その分非常に学びが多く、自身の知識や理解を深める大変良い機会となりました。 | O54: 講師の方には、フィードバックや質問に対して常に丁寧かつ分かりやすくご対応いただき、大変感謝しております。 受講者の理解度に合わせて詳しく説明してくださったおかげで、内容をより深く理解することができました。 | P54: 第1期
A55: 45917.413 | B55: 974 | C55: 久志野裕矢 | D55: クラウドインフラエンジニア実践研修(GC) 初級編 | E55: 野川 錦策 (クラウドインフラエンジニア実践研修(GC) 初級編、中級編担当) | F55: 3 | G55: 2 | H55: 2 | I55: 1 | J55: 1 | K55: 2 | L55: 3 | M55: 分からない | N55: 初級編の内容はNWとPSCをメインで課題を作成されていると伺いました。 そのため、現時点での業務で初級編のユースケースはないと考えております。 LBやPSCの理解深めるためであれば、もう少し簡素な構成でも良いかと思いました。 | O55: 特になし | P55: 第1期
A56: 45919.416 | B56: 001270 | C56: 山岸 一範 | D56: フロントエンドエンジニア実践研修(Vue.js) 中級編 | E56: 日野 龍樹 (フロントエンドエンジニア実践研修(Vue.js) 初級編、中級編担当) | F56: 2 | G56: 4 | H56: 1 | I56: 3 | J56: 3 | K56: 1 | L56: 2 | M56: ある | N56: 実践研修中級編ということでしたが、内容的には初級後編レベルな印象です。 個人的にはもう少し難易度の高い実践研修を求めていました。 backendはjsonファイルの読み書きで行うという指定でしたが、DB立てた方が実務に活かせると思います。 ただ、クイズのjsonの形式をアプリにとって最適にするにはどうしたらいいか試行錯誤する時間はとても楽しかったです。 | O56: 中級編のレビューをするにはレベルが足りないのではないかと思います。 Nuxtを使った実務経験はないとおっしゃっていたので、実務経験のある講師とディレクトリ構成のベストプラクティスや実装時の勘所についてもっと議論したかったです。 | P56: 第1期
A57: 45919.43 | B57: 1328 | C57: 山本 豪 | D57: フロントエンドエンジニア実践研修(Vue.js) 初級編 | E57: 日野 龍樹 (フロントエンドエンジニア実践研修(Vue.js) 初級編、中級編担当) | F57: 3 | G57: 3 | H57: 4 | I57: 4 | J57: 4 | K57: 4 | L57: 4 | M57: ある | N57: フロントエンジニアの学習領域はかなり広いと感じました。 学習時間がどうしても不足しがちでしたので学習期間を長く取るか、集中的に長時間学習できるように時間の確保が大事だと思いました。 | O57: あたりの柔らかい話しやすい印象で会話がし易かったです。 また、実務の内容についてもソースを丁寧に読んでいただき、適切なフィードバックをいただけたため、今後のスキルアップに繋げられると思いました。 | P57: 第1期
A58: 45922.492 | B58: 724 | C58: 福富道德 | D58: スマホアプリエンジニア実践研修 中級編 | E58: 清水 裕太 (スマホアプリエンジニア実践研修 初級編、中級編担当) | F58: 4 | G58: 4 | H58: 4 | I58: 4 | J58: 4 | K58: 4 | L58: 4 | M58: ある | N58: 特にありません。 | O58: 業務でも活用できそうなところを細かく指摘して頂き助かりました。 | P58: 第1期
A59: 45922.636 | B59: 1350 | C59: 齋藤大樹 | D59: スマホアプリエンジニア実践研修 初級編 | E59: 清水 裕太 (スマホアプリエンジニア実践研修 初級編、中級編担当) | F59: 4 | G59: 3 | H59: 4 | I59: 4 | J59: 3 | K59: 4 | L59: 4 | M59: ある | N59: 初心者には難易度が高く感じたが、提出物が提出できる頃には実務(flutterのアプリ開発をしているチーム）のコードがそれなりに読めるようになったと感じるので、とても良かったです | O59: 端的にわかりやすくFBしてもらえたので良かったです | P59: 第1期
A60: 45924.491 | B60: 001268 | C60: 木村 兼人 | D60: フロントエンドエンジニア実践研修(React) 中級編 | E60: 松永 圭悟 (フロントエンドエンジニア実践研修(React) 初級編、中級編担当) | F60: 4 | G60: 4 | H60: 4 | I60: 4 | J60: 4 | K60: 4 | L60: 4 | M60: ある | N60: NextJsの基礎を身につけることができました、業務に活かせればと思います。 | O60: ご対応ありがとうございました。 | P60: 第1期
A61: 45924.712 | B61: 561 | C61: 齋藤和久 | D61: フロントエンドエンジニア実践研修(React) 初級編 | E61: 伊藤 健一 (フロントエンドエンジニア実践研修(React) 初級編担当) | F61: 3 | G61: 3 | H61: 3 | I61: 3 | J61: 3 | K61: 3 | L61: 3 | M61: ある | N61: 教材のPDFにおいて、一部作っているものと整合性がとれない部分や説明が足りない箇所があったため、エンジニア初心者では初級編でもつまるところが多々あるのではと感じました。 | O61: 特にありません。 | P61: 第1期
A62: 45924.757 | B62: 1190 | C62: 小野花菜 | D62: フロントエンドエンジニア実践研修(React) 初級編 | E62: 伊藤 健一 (フロントエンドエンジニア実践研修(React) 初級編担当) | F62: 4 | G62: 4 | H62: 4 | I62: 4 | J62: 3 | K62: 4 | L62: 4 | M62: ある | N62: 一度JSで作ってからreactを導入するという順序踏んで学ぶことができたので、学習がしやすかったです。 | O62: 合否の結果や気になったことなど簡潔に伝えていただいたので、わかりやすかったです。 | P62: 第1期
A63: 45925.656 | B63: 1366 | C63: 毛利 彩乃 | D63: クラウドインフラエンジニア実践研修(AWS) 中級編 | E63: 天野 盛介 (クラウドインフラエンジニア実践研修(AWS) 初級編、中級編担当) | F63: 2 | G63: 3 | H63: 3 | I63: 4 | J63: 1 | K63: 2 | L63: 4 | M63: ある | N63: 【感想】 ・触ったことのなかったリソースを構築することができてためになった ・「実践研修問題」のテキストが詳しかったため、「中級」と呼ぶにはテキストが易しかったように思います。 「要件が出ていて、それに対して設計・環境構築」を実施するような内容であると実務により生きる流れとなり、よりよいと感じた（ボリュームと難易度の兼ね合いは難しいので、現状が適切ということもあるのかもしれません……） 【要望】 ・サブネット範囲の重複や手順書でのGitコマンドが不十分であった箇所など、一部不備が見受けられたため、問題・手順書のテストや精査をお願いしたいと感じた | O63: 私がフローを理解していなかったために面談では提出物のチェックシートが提出できておらず申し訳ございませんでした。 終始話しやすい雰囲気でわからなかった部分の質問などもさせていただきました。 お時間をいただきありがとうございました。 「事前準備」でcloudformationスタックからデプロイしたEC2を一度「停止」するとCFnからEC2へのアクセスが通らなくなり「504エラー」となってしまう件についてご質問させていただき、お持ち帰りいただくこととなりました。 貴社側でも事象が再現されるかどうか・再現される場合は何が原因であったのか、後日でけっこうですので教えていただけますと幸いです。 | P63: 第1期
A64: 45925.724 | B64: 861 | C64: 大木祐太 | D64: クラウドインフラエンジニア実践研修(AWS) 中級編 | E64: 天野 盛介 (クラウドインフラエンジニア実践研修(AWS) 初級編、中級編担当) | F64: 4 | G64: 4 | H64: 4 | I64: 4 | J64: 3 | K64: 4 | L64: 4 | M64: ある | N64: 一部間違っているところがあったので、今後に向けてさらにブラッシュアップいただけると嬉しいです。 | O64: 丁寧にご対応いただきありがとうございました。 | P64: 第1期
A65: 45925.739 | B65: 1056 | C65: 山本修輔 | D65: クラウドインフラエンジニア実践研修(AWS) 中級編 | E65: 天野 盛介 (クラウドインフラエンジニア実践研修(AWS) 初級編、中級編担当) | F65: 4 | G65: 4 | H65: 4 | I65: 4 | J65: 4 | K65: 4 | L65: 4 | M65: ある | N65: 上級者編とかあれば、研修を受けてみたいと思った。 | O65: 特になし。 | P65: 第1期
A66: 45925.756 | B66: 1466 | C66: 村上雄紀 | D66: クラウドインフラエンジニア実践研修(AWS) 中級編 | E66: 天野 盛介 (クラウドインフラエンジニア実践研修(AWS) 初級編、中級編担当) | F66: 4 | G66: 3 | H66: 4 | I66: 3 | J66: 3 | K66: 3 | L66: 4 | M66: ある | N66: 触れた事のないサービスに触れる事ができ実際に手を動かすことで理解が深まりました。再度、Udemyでコンテナを学び直して研修を再実施することでより深く理解できる様に致します。 | O66: お忙しい中、貴重な時間を頂戴し誠にありがとうございました。 FBでお聞きしたCloudFrontのオリジンに対する内容に進捗ありましたらご教示いただけますと幸いです。 よろしくお願いいたします。 | P66: 第1期
A67: 45925.767 | B67: 1408 | C67: Neti Rohiniesh | D67: クラウドインフラエンジニア実践研修(AWS) 初級編 | E67: 天野 盛介 (クラウドインフラエンジニア実践研修(AWS) 初級編、中級編担当) | F67: 4 | G67: 4 | H67: 2 | I67: 4 | J67: 4 | K67: 4 | L67: 4 | M67: 分からない | N67: N/A | O67: 丁寧なフィードバックと助言、ありがとうございました。 | P67: 第1期
A68: 45926.458 | B68: 717 | C68: 伊藤颯佑 | D68: クラウドインフラエンジニア実践研修(AWS) 中級編 | E68: 天野 盛介 (クラウドインフラエンジニア実践研修(AWS) 初級編、中級編担当) | F68: 3 | G68: 4 | H68: 2 | I68: 3 | J68: 1 | K68: 1 | L68: 3 | M68: ある | N68: ・教材のテキストに不備や不親切だと感じる点がいくつかあった。 また、教材の配布の遅れや修正が多々あったが、完了期日は据え置きのままであったりした関係で研修に取り組む時間を確保するのが難しかった。 ・実施するAWS環境すら決まっていない状態で研修が開始された。 受講することが決まった後に、自分のセクション環境にてリソース構築することが決定したため、リソース作成のコストの負担等はどう取り決められていたのか気になった。 ・Slackの問い合わせフォームにて、主に研修の進め方に関する疑問点を解消できるのは良かった。 ・Excelでの成果物提出を実施したが、成果物として意味があるのかやや疑問だった。 疑問点など記載する欄が用意されていたが、面談時には自力で解決をしている状態であったため、あまり相談することがなかった。課題が問題なく終了していることもあり、特に問題なさそうですね。。といったやり取りで終えてしまった。（実際に15分ほどで面談は終了） | P68: 第1期
A69: 45926.691 | B69: 1270 | C69: 山岸一範 | D69: フロントエンドエンジニア実践研修(React) 中級編 | E69: 柴﨑 良平 (フロントエンドエンジニア実践研修(React) 中級編担当) | F69: 3 | G69: 4 | H69: 3 | I69: 2 | J69: 3 | K69: 2 | L69: 3 | M69: ある | N69: 実務でReact / Next.js は使ったことがなかったので今回手を動かしてアプリを作ることができてよかった。 中級くらいならDBやOAuth使った認証も加えた課題にしてよかった気がします。 | O69: デザインに気になるところがあると否定から入るのでイライラした。 褒めてから指摘するなどした方がいい。 | P69: 第1期
A70: 45929.525 | B70: 1366 | C70: 毛利 彩乃（要望を追記して再提出させていただきます） | D70: クラウドインフラエンジニア実践研修(AWS) 中級編 | E70: 天野 盛介 (クラウドインフラエンジニア実践研修(AWS) 初級編、中級編担当) | F70: 2 | G70: 3 | H70: 3 | I70: 3 | J70: 1 | K70: 2 | L70: 3 | M70: ある | N70: 〈研修内容への要望〉 前回の回答では、要望面含めてあまり具体的な記載をしていなかったと記憶しますため、 私が実施して気になった内容と要望を追加で記載させていただきます。 ⚫︎検証用の環境を構築するためのCloudFormationのコードの改善 - ElasticIPアドレスが振られていないため、再度起動した際にCFのオリジンとEC2のパブリックDNSが不一致となる - nginxの自動起動が設定されていない →これにより、一度EC2を停止し、再度起動して研修を再開しようとした際にCF→EC2の接続が行えませんでした。 この構成ですとEC2を停止することは十分にありうると考えますため、コードを改善いただきたいです。 この内容は事前準備であり、本題とは逸れる内容であるため、主題に集中するためにきちんと整備されていてほしいと感じます。 ⚫︎サブネットのNWアドレスの重複の改善 →NWの重複があり、テキストの指示通りのNW範囲でサブネットを切れない いち受講者としての所感ですが、特にNW不一致については「もしかするとこれは事前に必要なテストがなされていない教材なのかもしれない」と感じてしまいました。 ⚫︎研修そのものの終わり方の改善 「面談を完了すれば終わり」ではなく、修了証のようなものがほしいです。 こういった内容の研修を受けた、こんなリソースを触ってこんなことができるようになった、と研修の内容がまとめられ、社内のオフィシャルな記録に残せるようなものをイメージしています。 よろしくお願いいたします。 | O70: 前回提出させていただいた通りです。ご対応ありがとうございます。 | P70: 第1期
A71: 45929.772 | B71: 1332 | C71: 江端隼樹 | D71: フロントエンドエンジニア実践研修(React) 初級編 | E71: 日暮 香美 (フロントエンドエンジニア実践研修(React) 初級編、中級編担当) | F71: 3 | G71: 3 | H71: 4 | I71: 4 | J71: 2 | K71: 3 | L71: 4 | M71: ある | N71: e-learningのボリュームが多かったので、既に習得ずみのものは跳ばして受講した | O71: フィードバックで適切な指摘をいただいた | P71: 第1期
A72: 45930.77 | B72: 983 | C72: 田中辰弥 | D72: フロントエンドエンジニア実践研修(React) 中級編 | E72: 日暮 香美 (フロントエンドエンジニア実践研修(React) 初級編、中級編担当) | F72: 4 | G72: 4 | H72: 4 | I72: 4 | J72: 4 | K72: 4 | L72: 4 | M72: 分からない | N72: 今回はNext.jsの内部に作ったAPIを使っていましたが、外部APIを使った問題もあるとなお良かったかなと思います。 | O72: 丁寧にフィードバックして頂き、ありがとうございました！ | P72: 第1期
A73: 45932.429 | B73: 1079 | C73: 坂 翔太 | D73: フロントエンドエンジニア実践研修(React) 中級編 | E73: 日暮 香美 (フロントエンドエンジニア実践研修(React) 初級編、中級編担当) | F73: 4 | G73: 4 | H73: 4 | I73: 4 | J73: 3 | K73: 4 | L73: 4 | M73: ある | N73: eslintやprettierなども研修内容にあるとより実務レベルの経験を詰めると思いました。 | O73: 質問に丁寧に回答していただき、ありがとうございました。 | P73: 第1期
A74: 45939.68 | B74: 001162 | C74: 馬場拓也 | D74: フロントエンドエンジニア実践研修(Vue.js) 初級編 | E74: 小川 雅大 (フロントエンドエンジニア実践研修(Vue.js) 初級編、中級編担当) | F74: 4 | G74: 4 | H74: 4 | I74: 4 | J74: 4 | K74: 4 | L74: 4 | M74: ある | N74: ワークフロー「成果物の提出」で1on1フィードバック予約日を入力しましたが、これについて特に音沙汰がなく、別途1on1予約しないといけないのがわかりづらかったです | O74: 要件と問題のPDFもわかりやすく記載されており、進めやすかったです | P74: 第1期
A75: 45939.686 | B75: 1050 | C75: 並木 柊斗 | D75: フロントエンドエンジニア実践研修(Vue.js) 初級編 | E75: 小川 雅大 (フロントエンドエンジニア実践研修(Vue.js) 初級編、中級編担当) | F75: 4 | G75: 3 | H75: 4 | I75: 4 | J75: 4 | K75: 4 | L75: 4 | M75: ある | N75: 特になし | O75: 特になし | P75: 第1期
A76: 45940.749 | B76: 1258 | C76: 篠藤 誉之 | D76: フロントエンドエンジニア実践研修(Vue.js) 初級編 | E76: 小川 雅大 (フロントエンドエンジニア実践研修(Vue.js) 初級編、中級編担当) | F76: 3 | G76: 4 | H76: 3 | I76: 3 | J76: 4 | K76: 3 | L76: 3 | M76: ある | N76: 研修問題が分かりやすく、やっていく中で自信がつきました。ありがとうございます | O76: 特にございません | P76: 第1期
A77: 45940.749 | B77: 1435 | C77: 島仲 立希 | D77: クラウドインフラエンジニア実践研修(AWS) 初級編 | E77: 天野 盛介 (クラウドインフラエンジニア実践研修(AWS) 初級編、中級編担当) | F77: 3 | G77: 3 | H77: 4 | I77: 3 | J77: 3 | K77: 3 | L77: 3 | M77: ある | N77: 業務では設定することのない操作を実施できたので学びになった | O77: 親身に対応いただけた | P77: 第1期
A78: 45946.629 | B78: 001162 | C78: 馬場拓也 | D78: クラウドインフラエンジニア実践研修(AWS) 初級編 | E78: 天野 盛介 (クラウドインフラエンジニア実践研修(AWS) 初級編、中級編担当) | F78: 4 | G78: 3 | H78: 3 | I78: 4 | J78: 3 | K78: 3 | L78: 4 | M78: ある | N78: 特にありません | O78: 最後に実施したヘルスステータスは問題なく「Healthy」となりました | P78: 第1期
A79: 45950.641 | B79: 682 | C79: 梶達也 | D79: スマホアプリエンジニア実践研修 初級編 | E79: 清水 裕太 (スマホアプリエンジニア実践研修 初級編、中級編担当) | F79: 3 | G79: 4 | H79: 3 | I79: 3 | J79: 2 | K79: 3 | L79: 3 | M79: 分からない | N79: 他の言語も学んでみたい | O79: なし | P79: 第1期
A80: 45951.741 | B80: 1033 | C80: 鎌倉なつの | D80: クラウドインフラエンジニア実践研修(AWS) 中級編 | E80: 天野 盛介 (クラウドインフラエンジニア実践研修(AWS) 初級編、中級編担当) | F80: 3 | G80: 4 | H80: 4 | I80: 3 | J80: 2 | K80: 4 | L80: 3 | M80: ある | N80: 特になし | O80: 特になし | P80: 第1期
A81: 45952.657 | B81: 619 | C81: 石川 耕平 | D81: フロントエンドエンジニア実践研修(React) 中級編 | E81: 松永 圭悟 (フロントエンドエンジニア実践研修(React) 初級編、中級編担当) | F81: 4 | G81: 4 | H81: 4 | I81: 4 | J81: 4 | K81: 3 | L81: 4 | M81: ある | N81: Vue.js は使ったことがありましたが、Reactは使ったことなかったので今回受講することにした。 システムシェアードさんの研修に興味があったので受講することにした。 TailWindCSSに慣れていなかったので、classの設定に苦労した。 | O81: 特になし | P81: 第1期
A82: 45952.677 | B82: 0977 | C82: 田村直也 | D82: フロントエンドエンジニア実践研修(React) 中級編 | E82: 松永 圭悟 (フロントエンドエンジニア実践研修(React) 初級編、中級編担当) | F82: 3 | G82: 4 | H82: 3 | I82: 4 | J82: 3 | K82: 1 | L82: 1 | M82: ある | N82: 特になし | O82: 講師の方のフィードバックはあまり参考にならなかった。もう少しコードレベルでのフィードバックを頂けた方が参考になると思いました。 | P82: 第1期
A83: 45952.748 | B83: 1034 | C83: 鴨志田公佑 | D83: フロントエンドエンジニア実践研修(React) 中級編 | E83: 松永 圭悟 (フロントエンドエンジニア実践研修(React) 初級編、中級編担当) | F83: 3 | G83: 3 | H83: 3 | I83: 3 | J83: 3 | K83: 3 | L83: 3 | M83: ある | N83: こちら側では発生してないが、講師の方側でアプリ起動時にエラーが発生してしまったため、フィードバックは二回目の提出時に行うことになりました。 | O83: ありがとうございました。 | P83: 第1期
A84: 45953.595 | B84: 967 | C84: 米田 和輝 | D84: クラウドインフラエンジニア実践研修(GC) 中級編 | E84: 野川 錦策 (クラウドインフラエンジニア実践研修(GC) 初級編、中級編担当) | F84: 4 | G84: 4 | H84: 4 | I84: 4 | J84: 3 | K84: 3 | L84: 4 | M84: ある | N84: Google Cloud の主要サービスを Terraform のモジュール構成で設計・構築する流れを経験できたため、今後の案件にも活かすことができる汎用的なスキルを身につけることができたと思います。 | O84: 提出した成果物に対して詳細にレビューいただき、疑問点の解消ができました。 | P84: 第1期
A85: 45959.663 | B85: 1180 | C85: 内藤 宏治 | D85: フロントエンドエンジニア実践研修(React) 中級編 | E85: 松永 圭悟 (フロントエンドエンジニア実践研修(React) 初級編、中級編担当) | F85: 3 | G85: 3 | H85: 3 | I85: 3 | J85: 1 | K85: 3 | L85: 3 | M85: 分からない | N85: どう設計するのがベターだったのかを見たいので、完成したリポジトリのリンクなどが教材下部にあると嬉しかったです。 | O85: 非常に緊張してたので、Reactの分野に関して講師なのでもっと自信を持っていいと思いました！ | P85: 第1期
A86: 45961.732 | B86: 001324 | C86: 藤原 康敬 | D86: クラウドインフラエンジニア実践研修(AWS) 中級編 | E86: 天野 盛介 (クラウドインフラエンジニア実践研修(AWS) 初級編、中級編担当) | F86: 4 | G86: 3 | H86: 4 | I86: 3 | J86: 3 | K86: 4 | L86: 4 | M86: ある | N86: アプリを稼働させる基盤構築に加え、サードパーティ製品（例：Datadog、New Relic、Prometheus/Grafanaなど）を用いたオブザーバビリティ強化についても学びたいです。特に、APM（Application Performance Monitoring）ツールを導入し、アプリケーションのパフォーマンス分析やボトルネックの特定を行う実践的な演習があると、より現場で役立つと感じます。 | O86: チェックシートに記載していなかった疑問点等に関しても回答してくださり、ありがとうございました。 | P86: 第1期
A87: 45961.769 | B87: 1032 | C87: 叶内郁也 | D87: フロントエンドエンジニア実践研修(React) 中級編 | E87: 柴﨑 良平 (フロントエンドエンジニア実践研修(React) 中級編担当) | F87: 4 | G87: 4 | H87: 4 | I87: 4 | J87: 4 | K87: 4 | L87: 4 | M87: ある | N87: next.jsやreduxは実践的に初めて学べたため、今後のモデルとして役立ついい経験となりました。 | O87: 特にはありません。 | P87: 第1期
A88: 45961.775 | B88: 1332 | C88: 江端隼樹 | D88: フロントエンドエンジニア実践研修(React) 中級編 | E88: 柴﨑 良平 (フロントエンドエンジニア実践研修(React) 中級編担当) | F88: 4 | G88: 3 | H88: 3 | I88: 2 | J88: 3 | K88: 4 | L88: 4 | M88: ある | N88: 最後の課題の内容が少しボリューミーだった | O88: 適切にアドバイスをもらった | P88: 第1期
A89: 45979.706 | B89: 1362 | C89: 橋本 聡太 | D89: クラウドインフラエンジニア実践研修(GC) 初級編 | E89: 野川 錦策 (クラウドインフラエンジニア実践研修(GC) 初級編、中級編担当) | F89: 3 | G89: 3 | H89: 4 | I89: 3 | J89: 2 | K89: 4 | L89: 4 | M89: ある | N89: 初級編にしては難易度が高いと感じたので、構築リソースを見直すか、研修の教材をより丁寧すると良いと思いました。 | O89: ご丁寧に説明いただきありがとうございます。 | P89: 第2期
A90: 45979.761 | B90: 1422 | C90: 吉田 夢来 | D90: バックエンドエンジニア実践研修(PHP) 初級編 | E90: 相馬 大智 (バックエンドエンジニア実践研修(PHP) 初級編担当) | F90: 4 | G90: 3 | H90: 4 | I90: 4 | J90: 4 | K90: 4 | L90: 4 | M90: ある | N90: Laravelの課題に取り組む中でルーティングやMVCモデルの基礎を体系的に学ぶことができました。これにより、案件に参画する上での基礎力をしっかりと身につけることができたと感じています。 | O90: チーム開発におけるコーディングで意識すべき点や、AIを活用した効率的なコーディング方法など、限られた時間の中で非常に実践的かつ多様な知識を教えていただきました。この機会を活かし、今後エンジニアとしてさらに成長していきたいと強く思いました。
A91: 45980.439 | B91: 291 | C91: 澤田 翼 | D91: クラウドインフラエンジニア実践研修(GC) 初級編 | E91: 野川 錦策 (クラウドインフラエンジニア実践研修(GC) 初級編、中級編担当) | F91: 3 | G91: 3 | H91: 3 | I91: 4 | J91: 2 | K91: 4 | L91: 4 | M91: ある | N91: GCを体系的に学ぶ機会が欲しかったためその点においては良かったし課題のレベル感や 題材も適切なものであったと思う。 ただ初級でも成果物作成においてterraformを使う研修であることを事前に知らされていなかったためその点は面食らった。多少GCを学ぶハードルにもなる点のため、概要で記載し事前に通知すべきと思う。 また、10-12月期の研修であるにもかかわらず1on1が11月中旬に1回のみしか設定されないことはいただけないと感じた。 | O91: 適切なアドバイス、ありがとうございました。
A92: 45980.67 | B92: 001151 | C92: 大山晃介 | D92: クラウドインフラエンジニア実践研修(AWS) 初級編 | E92: 天野 盛介 (クラウドインフラエンジニア実践研修(AWS) 初級編、中級編担当) | F92: 3 | G92: 3 | H92: 3 | I92: 3 | J92: 3 | K92: 3 | L92: 3 | M92: ある | N92: ec2で実行するコマンドなど、手順書と問題で異なっていたので差異がないようにしてほしい。 | O92: 真摯にご対応いただきました。
A93: 45982.78 | B93: 000023 | C93: 齋藤 充裕 | D93: バックエンドエンジニア実践研修(Python) 初級編 | E93: 友井川 翔太 (バックエンドエンジニア実践研修(Python) 初級編、中級編担当) | F93: 3 | G93: 2 | H93: 3 | I93: 3 | J93: 3 | K93: 4 | L93: 4 | M93: ある | N93: 特になし | O93: 1on1でとても丁寧に解説してくれてわかりやすかったです。
A94: 45986.792 | B94: 1090 | C94: 入道裕康 | D94: フロントエンドエンジニア実践研修(React) 初級編 | E94: 長沢 宏彦 | F94: 3 | G94: 4 | H94: 3 | I94: 3 | J94: 3 | K94: 3 | L94: 3 | M94: ある | N94: 研修の流れは大変わかりやすいと思いました。ただ講座案内の際にudemyの内容を把握していることとするのは前提知識として過剰すぎるように感じました。 また、udemyの講座では最新のreactではviteでプロジェクト作成するように訂正が入っていたところ、研修内ではエントリーポイントがindex.jsxで名付けられているなど現在非推奨のCRAで実装する想定になっていそうな印象を受け混乱しました。 | O94: 参考になりました。
A95: 45987.701 | B95: 1357 | C95: 松岡沙貴 | D95: フロントエンドエンジニア実践研修(React) 初級編 | E95: 長沢 宏彦 | F95: 4 | G95: 3 | H95: 4 | I95: 4 | J95: 4 | K95: 4 | L95: 4 | M95: ある | N95: 実務にすぐ活かせる内容が多く、有意義な研修でした。 | O95: 質問しやすい雰囲気を作ってくださり、安心して受講できました。
A96: 45987.736 | B96: 1042 | C96: 坂井田啓太 | D96: フロントエンドエンジニア実践研修(React) 初級編 | E96: 長沢 宏彦 | F96: 4 | G96: 4 | H96: 4 | I96: 4 | J96: 4 | K96: 4 | L96: 4 | M96: ある | N96: 今まで負入れたことないReactについて適切な難易度で学習することができたと感じます。 | O96: とても丁寧にアドバイスいただき、初めての React 学習でしたが自信を持つことができました。 今後は中級にも取り組む予定ですので、また機会がありましたらよろしくお願いいたします。
A97: 45988.653 | B97: 001335 | C97: 福岡駿 | D97: フロントエンドエンジニア実践研修(Vue.js) 初級編 | E97: 長沢 宏彦 | F97: 3 | G97: 3 | H97: 4 | I97: 3 | J97: 3 | K97: 4 | L97: 4 | M97: ある | N97: Vueの基礎的な内容を用いて一つ動くものを作ることができとても良い経験になりました | O97: 本研修の対応部分だけでなく実務観点でどう拡張していくと良いか教えていただきとても参考になりました
A98: 45989.545 | B98: 1328 | C98: 山本 豪 | D98: フロントエンドエンジニア実践研修(Vue.js) 中級編 | E98: 長沢 宏彦 | F98: 3 | G98: 3 | H98: 4 | I98: 3 | J98: 3 | K98: 4 | L98: 4 | M98: ある | N98: 学びの機会を与えていただける大変有意義な研修になっています。スケジュール調整や申請方法等で運営の方（特に張さん）が大変そうですが、すぐにレスポンスいただけて大変助かりました。ありがとうございました。 | O98: フィードバックでは実践するにあたって注意すべき点をご説明いただき、大変役に立ちました、ありがとうございました。
A99: 45989.652 | B99: 1230 | C99: 横山 奏人 | D99: バックエンドエンジニア実践研修(PHP) 中級編 | E99: 長沢 宏彦 | F99: 3 | G99: 4 | H99: 3 | I99: 4 | J99: 3 | K99: 4 | L99: 4 | M99: ある | N99: 今回の成果物に関してですが、TODOアプリの実装は配属先の研修と類似していたため、受講者側で作成する成果物を複数から選択する方針もいいかもしれないと感じました。 | O99: この度は成果物の確認およびフィードバックの実施をいただき、誠にありがとうございました。 短い時間ではありましたが、成果物だけでなく、開発エンジニアとしてキャリアを進める上で疑問や不安に感じていたことについてもお話を聞いていただけて良かったです。 引き続き精進していきます。ありがとうございました。
A100: 45994.697 | B100: 1240 | C100: 谷本佳史 | D100: クラウドインフラエンジニア実践研修(AWS) 中級編 | E100: 天野 盛介 | F100: 2 | G100: 3 | H100: 3 | I100: 3 | J100: 3 | K100: 2 | L100: 3 | M100: 分からない | N100: 時間がない中だったが、AI活用や資料の丁寧さ、スタッフの皆さんのフォローが充実していて達成できました。ありがとうございました。 | O100: 面談当日、講師の方が時間の勘違いで遅刻されていたので、気をつけた方がいいかと思いました。また、終了時間もこちらから伝えないと意識してなさそうだったのは、よろしくないかと思いました。質問内容については、ややこしい質問にも真摯にお答えいただいたように感じます。
...

Sheet ピボット テーブル
A1: 受講時期 | B1: 第1期
G2: 研修名 | H2: 理解できていない | I2: 理解できている | J2: 十分に理解できている | K2: 総計
A3: COUNTA of 氏名 | B3: ② 研修内容は理解出来ましたか？（全く理解出来ていない：1、理解出来ていない：2、理解出来ている：3、十分に理解出来ている：4） | G3: クラウドインフラエンジニア実践研修(AWS) 初級編 | I3: 3 | J3: 3 | K3: 6
A4: 研修名 | B4: 2 | C4: 3 | D4: 4 | E4: 総計 | G4: クラウドインフラエンジニア実践研修(AWS) 中級編 | I4: 4 | J4: 6 | K4: 10
A5: クラウドインフラエンジニア実践研修(AWS) 初級編 | C5: 3 | D5: 3 | E5: 6 | G5: クラウドインフラエンジニア実践研修(GC) 初級編 | H5: 2 | I5: 1 | K5: 3
A6: クラウドインフラエンジニア実践研修(AWS) 中級編 | C6: 4 | D6: 6 | E6: 10 | G6: クラウドインフラエンジニア実践研修(GC) 中級編 | J6: 3 | K6: 3
A7: クラウドインフラエンジニア実践研修(GC) 初級編 | B7: 2 | C7: 1 | E7: 3 | G7: システムエンジニア実践研修 | H7: 1 | I7: 4 | J7: 7 | K7: 12
A8: クラウドインフラエンジニア実践研修(GC) 中級編 | D8: 3 | E8: 3 | G8: スマホアプリエンジニア実践研修 初級編 | I8: 1 | J8: 1 | K8: 2
A9: システムエンジニア実践研修 | B9: 1 | C9: 4 | D9: 7 | E9: 12 | G9: スマホアプリエンジニア実践研修 中級編 | J9: 1 | K9: 1
A10: スマホアプリエンジニア実践研修 初級編 | C10: 1 | D10: 1 | E10: 2 | G10: プロジェクトマネージャー実践研修 | I10: 6 | J10: 21 | K10: 27
A11: スマホアプリエンジニア実践研修 中級編 | D11: 1 | E11: 1 | G11: フロントエンドエンジニア実践研修(React) 初級編 | I11: 5 | J11: 1 | K11: 6
A12: プロジェクトマネージャー実践研修 | C12: 6 | D12: 21 | E12: 27 | G12: フロントエンドエンジニア実践研修(React) 中級編 | H12: 1 | I12: 4 | J12: 7 | K12: 12
A13: フロントエンドエンジニア実践研修(React) 初級編 | C13: 5 | D13: 1 | E13: 6 | G13: フロントエンドエンジニア実践研修(Vue.js) 初級編 | I13: 2 | J13: 2 | K13: 4
A14: フロントエンドエンジニア実践研修(React) 中級編 | B14: 1 | C14: 4 | D14: 7 | E14: 12 | G14: フロントエンドエンジニア実践研修(Vue.js) 中級編 | J14: 1 | K14: 1
A15: フロントエンドエンジニア実践研修(Vue.js) 初級編 | C15: 2 | D15: 2 | E15: 4 | G15: 総計 | H15: 4 | I15: 30 | J15: 53 | K15: 87
A16: フロントエンドエンジニア実践研修(Vue.js) 中級編 | D16: 1 | E16: 1
A17: 総計 | B17: 4 | C17: 30 | D17: 53 | E17: 87

Sheet アンケート集計
A1: 基本情報 | C1: アンケート集計
A2: コース名 | B2: 受講者数 | C2: 研修満足度 | D2: 研修必要度 | E2: 研修理解度 | F2: 講師評価 | G2: 教材評価
A3: プロジェクトマネージャー実践研修 | B3: =IFERROR(COUNTIF(中間データ!$D:$D, $A3), "") -> 36 | C3: =IFERROR(AVERAGEIFS(中間データ!$F:$F, 中間データ!$D:$D, $A3), "") -> 3.9166667 | D3: =IFERROR(AVERAGEIFS(中間データ!$H:$H, 中間データ!$D:$D, $A3), "") -> 3.9444444 | E3: =IFERROR(AVERAGEIFS(中間データ!$G:$G, 中間データ!$D:$D, $A3), "") -> 3.8055556 | F3: =IFERROR(AVERAGEIFS(中間データ!$K:$K, 中間データ!$D:$D, $A3), "") -> 3.8333333 | G3: =IFERROR(AVERAGEIFS(中間データ!$J:$J, 中間データ!$D:$D, $A3), "") -> 3.6388889
A4: システムエンジニア実践研修 | B4: =IFERROR(COUNTIF(中間データ!$D:$D, $A4), "") -> 12 | C4: =IFERROR(AVERAGEIFS(中間データ!$F:$F, 中間データ!$D:$D, $A4), "") -> 3 | D4: =IFERROR(AVERAGEIFS(中間データ!$H:$H, 中間データ!$D:$D, $A4), "") -> 3.25 | E4: =IFERROR(AVERAGEIFS(中間データ!$G:$G, 中間データ!$D:$D, $A4), "") -> 3.5 | F4: =IFERROR(AVERAGEIFS(中間データ!$K:$K, 中間データ!$D:$D, $A4), "") -> 3.1666667 | G4: =IFERROR(AVERAGEIFS(中間データ!$J:$J, 中間データ!$D:$D, $A4), "") -> 3
A5: スマホアプリエンジニア実践研修 初級編 | B5: =IFERROR(COUNTIF(中間データ!$D:$D, $A5), "") -> 3 | C5: =IFERROR(AVERAGEIFS(中間データ!$F:$F, 中間データ!$D:$D, $A5), "") -> 3.6666667 | D5: =IFERROR(AVERAGEIFS(中間データ!$H:$H, 中間データ!$D:$D, $A5), "") -> 3.6666667 | E5: =IFERROR(AVERAGEIFS(中間データ!$G:$G, 中間データ!$D:$D, $A5), "") -> 3.3333333 | F5: =IFERROR(AVERAGEIFS(中間データ!$K:$K, 中間データ!$D:$D, $A5), "") -> 3.6666667 | G5: =IFERROR(AVERAGEIFS(中間データ!$J:$J, 中間データ!$D:$D, $A5), "") -> 3
A6: スマホアプリエンジニア実践研修 中級編 | B6: =IFERROR(COUNTIF(中間データ!$D:$D, $A6), "") -> 1 | C6: =IFERROR(AVERAGEIFS(中間データ!$F:$F, 中間データ!$D:$D, $A6), "") -> 4 | D6: =IFERROR(AVERAGEIFS(中間データ!$H:$H, 中間データ!$D:$D, $A6), "") -> 4 | E6: =IFERROR(AVERAGEIFS(中間データ!$G:$G, 中間データ!$D:$D, $A6), "") -> 4 | F6: =IFERROR(AVERAGEIFS(中間データ!$K:$K, 中間データ!$D:$D, $A6), "") -> 4 | G6: =IFERROR(AVERAGEIFS(中間データ!$J:$J, 中間データ!$D:$D, $A6), "") -> 4
A7: バックエンドエンジニア実践研修(Python) 初級編 | B7: =IFERROR(COUNTIF(中間データ!$D:$D, $A7), "") -> 1 | C7: =IFERROR(AVERAGEIFS(中間データ!$F:$F, 中間データ!$D:$D, $A7), "") -> 3 | D7: =IFERROR(AVERAGEIFS(中間データ!$H:$H, 中間データ!$D:$D, $A7), "") -> 3 | E7: =IFERROR(AVERAGEIFS(中間データ!$G:$G, 中間データ!$D:$D, $A7), "") -> 2 | F7: =IFERROR(AVERAGEIFS(中間データ!$K:$K, 中間データ!$D:$D, $A7), "") -> 4 | G7: =IFERROR(AVERAGEIFS(中間データ!$J:$J, 中間データ!$D:$D, $A7), "") -> 3
A8: バックエンドエンジニア実践研修(Python) 中級編 | B8: =IFERROR(COUNTIF(中間データ!$D:$D, $A8), "") -> 0 | C8: =IFERROR(AVERAGEIFS(中間データ!$F:$F, 中間データ!$D:$D, $A8), "") | D8: =IFERROR(AVERAGEIFS(中間データ!$H:$H, 中間データ!$D:$D, $A8), "") | E8: =IFERROR(AVERAGEIFS(中間データ!$G:$G, 中間データ!$D:$D, $A8), "") | F8: =IFERROR(AVERAGEIFS(中間データ!$K:$K, 中間データ!$D:$D, $A8), "") | G8: =IFERROR(AVERAGEIFS(中間データ!$J:$J, 中間データ!$D:$D, $A8), "")
A9: バックエンドエンジニア実践研修(PHP) 初級編 | B9: =IFERROR(COUNTIF(中間データ!$D:$D, $A9), "") -> 1 | C9: =IFERROR(AVERAGEIFS(中間データ!$F:$F, 中間データ!$D:$D, $A9), "") -> 4 | D9: =IFERROR(AVERAGEIFS(中間データ!$H:$H, 中間データ!$D:$D, $A9), "") -> 4 | E9: =IFERROR(AVERAGEIFS(中間データ!$G:$G, 中間データ!$D:$D, $A9), "") -> 3 | F9: =IFERROR(AVERAGEIFS(中間データ!$K:$K, 中間データ!$D:$D, $A9), "") -> 4 | G9: =IFERROR(AVERAGEIFS(中間データ!$J:$J, 中間データ!$D:$D, $A9), "") -> 4
A10: バックエンドエンジニア実践研修(PHP) 中級編 | B10: =IFERROR(COUNTIF(中間データ!$D:$D, $A10), "") -> 1 | C10: =IFERROR(AVERAGEIFS(中間データ!$F:$F, 中間データ!$D:$D, $A10), "") -> 3 | D10: =IFERROR(AVERAGEIFS(中間データ!$H:$H, 中間データ!$D:$D, $A10), "") -> 3 | E10: =IFERROR(AVERAGEIFS(中間データ!$G:$G, 中間データ!$D:$D, $A10), "") -> 4 | F10: =IFERROR(AVERAGEIFS(中間データ!$K:$K, 中間データ!$D:$D, $A10), "") -> 4 | G10: =IFERROR(AVERAGEIFS(中間データ!$J:$J, 中間データ!$D:$D, $A10), "") -> 3
A11: フロントエンドエンジニア実践研修(Vue.js) 初級編 | B11: =IFERROR(COUNTIF(中間データ!$D:$D, $A11), "") -> 5 | C11: =IFERROR(AVERAGEIFS(中間データ!$F:$F, 中間データ!$D:$D, $A11), "") -> 3.4 | D11: =IFERROR(AVERAGEIFS(中間データ!$H:$H, 中間データ!$D:$D, $A11), "") -> 3.8 | E11: =IFERROR(AVERAGEIFS(中間データ!$G:$G, 中間データ!$D:$D, $A11), "") -> 3.4 | F11: =IFERROR(AVERAGEIFS(中間データ!$K:$K, 中間データ!$D:$D, $A11), "") -> 3.8 | G11: =IFERROR(AVERAGEIFS(中間データ!$J:$J, 中間データ!$D:$D, $A11), "") -> 3.8
A12: フロントエンドエンジニア実践研修(Vue.js) 中級編 | B12: =IFERROR(COUNTIF(中間データ!$D:$D, $A12), "") -> 2 | C12: =IFERROR(AVERAGEIFS(中間データ!$F:$F, 中間データ!$D:$D, $A12), "") -> 2.5 | D12: =IFERROR(AVERAGEIFS(中間データ!$H:$H, 中間データ!$D:$D, $A12), "") -> 2.5 | E12: =IFERROR(AVERAGEIFS(中間データ!$G:$G, 中間データ!$D:$D, $A12), "") -> 3.5 | F12: =IFERROR(AVERAGEIFS(中間データ!$K:$K, 中間データ!$D:$D, $A12), "") -> 2.5 | G12: =IFERROR(AVERAGEIFS(中間データ!$J:$J, 中間データ!$D:$D, $A12), "") -> 3
A13: フロントエンドエンジニア実践研修(React) 初級編 | B13: =IFERROR(COUNTIF(中間データ!$D:$D, $A13), "") -> 12 | C13: =IFERROR(AVERAGEIFS(中間データ!$F:$F, 中間データ!$D:$D, $A13), "") -> 3.25 | D13: =IFERROR(AVERAGEIFS(中間データ!$H:$H, 中間データ!$D:$D, $A13), "") -> 3.5 | E13: =IFERROR(AVERAGEIFS(中間データ!$G:$G, 中間データ!$D:$D, $A13), "") -> 3.4166667 | F13: =IFERROR(AVERAGEIFS(中間データ!$K:$K, 中間データ!$D:$D, $A13), "") -> 3.3333333 | G13: =IFERROR(AVERAGEIFS(中間データ!$J:$J, 中間データ!$D:$D, $A13), "") -> 2.9166667
A14: フロントエンドエンジニア実践研修(React) 中級編 | B14: =IFERROR(COUNTIF(中間データ!$D:$D, $A14), "") -> 19 | C14: =IFERROR(AVERAGEIFS(中間データ!$F:$F, 中間データ!$D:$D, $A14), "") -> 3.5789474 | D14: =IFERROR(AVERAGEIFS(中間データ!$H:$H, 中間データ!$D:$D, $A14), "") -> 3.6315789 | E14: =IFERROR(AVERAGEIFS(中間データ!$G:$G, 中間データ!$D:$D, $A14), "") -> 3.4210526 | F14: =IFERROR(AVERAGEIFS(中間データ!$K:$K, 中間データ!$D:$D, $A14), "") -> 3.4210526 | G14: =IFERROR(AVERAGEIFS(中間データ!$J:$J, 中間データ!$D:$D, $A14), "") -> 3.2105263
... A18: クラウドインフラエンジニア実践研修(AWS) 中級編 | B18: =IFERROR(COUNTIF(中間データ!$D:$D, $A18), "") -> 19 | C18: =IFERROR(AVERAGEIFS(中間データ!$F:$F, 中間データ!$D:$D, $A18), "") -> 3.4210526 | D18: =IFERROR(AVERAGEIFS(中間データ!$H:$H, 中間データ!$D:$D, $A18), "") -> 3.5789474 | E18: =IFERROR(AVERAGEIFS(中間データ!$G:$G, 中間データ!$D:$D, $A18), "") -> 3.6315789 | F18: =IFERROR(AVERAGEIFS(中間データ!$K:$K, 中間データ!$D:$D, $A18), "") -> 3.2631579 | G18: =IFERROR(AVERAGEIFS(中間データ!$J:$J, 中間データ!$D:$D, $A18), "") -> 2.8421053
C19: =IFERROR(AVERAGEIFS(中間データ!$F:$F, 中間データ!$D:$D, $A19), "") -> 0 | D19: =IFERROR(AVERAGEIFS(中間データ!$H:$H, 中間データ!$D:$D, $A19), "") -> 0 | E19: =IFERROR(AVERAGEIFS(中間データ!$G:$G, 中間データ!$D:$D, $A19), "") -> 0 | F19: =IFERROR(AVERAGEIFS(中間データ!$K:$K, 中間データ!$D:$D, $A19), "") -> 0 | G19: =IFERROR(AVERAGEIFS(中間データ!$J:$J, 中間データ!$D:$D, $A19), "") -> 0
C20: =IFERROR(AVERAGEIFS(中間データ!$F:$F, 中間データ!$D:$D, $A20), "") -> 0 | D20: =IFERROR(AVERAGEIFS(中間データ!$H:$H, 中間データ!$D:$D, $A20), "") -> 0 | E20: =IFERROR(AVERAGEIFS(中間データ!$G:$G, 中間データ!$D:$D, $A20), "") -> 0 | F20: =IFERROR(AVERAGEIFS(中間データ!$K:$K, 中間データ!$D:$D, $A20), "") -> 0 | G20: =IFERROR(AVERAGEIFS(中間データ!$J:$J, 中間データ!$D:$D, $A20), "") -> 0
C21: =IFERROR(AVERAGEIFS(中間データ!$F:$F, 中間データ!$D:$D, $A21), "") -> 0 | D21: =IFERROR(AVERAGEIFS(中間データ!$H:$H, 中間データ!$D:$D, $A21), "") -> 0 | E21: =IFERROR(AVERAGEIFS(中間データ!$G:$G, 中間データ!$D:$D, $A21), "") -> 0 | F21: =IFERROR(AVERAGEIFS(中間データ!$K:$K, 中間データ!$D:$D, $A21), "") -> 0 | G21: =IFERROR(AVERAGEIFS(中間データ!$J:$J, 中間データ!$D:$D, $A21), "") -> 0
C22: =IFERROR(AVERAGEIFS(中間データ!$F:$F, 中間データ!$D:$D, $A22), "") -> 0 | D22: =IFERROR(AVERAGEIFS(中間データ!$H:$H, 中間データ!$D:$D, $A22), "") -> 0 | E22: =IFERROR(AVERAGEIFS(中間データ!$G:$G, 中間データ!$D:$D, $A22), "") -> 0 | F22: =IFERROR(AVERAGEIFS(中間データ!$K:$K, 中間データ!$D:$D, $A22), "") -> 0 | G22: =IFERROR(AVERAGEIFS(中間データ!$J:$J, 中間データ!$D:$D, $A22), "") -> 0
C23: =IFERROR(AVERAGEIFS(中間データ!$F:$F, 中間データ!$D:$D, $A23), "") -> 0 | D23: =IFERROR(AVERAGEIFS(中間データ!$H:$H, 中間データ!$D:$D, $A23), "") -> 0 | E23: =IFERROR(AVERAGEIFS(中間データ!$G:$G, 中間データ!$D:$D, $A23), "") -> 0 | F23: =IFERROR(AVERAGEIFS(中間データ!$K:$K, 中間データ!$D:$D, $A23), "") -> 0 | G23: =IFERROR(AVERAGEIFS(中間データ!$J:$J, 中間データ!$D:$D, $A23), "") -> 0
C24: =IFERROR(AVERAGEIFS(中間データ!$F:$F, 中間データ!$D:$D, $A24), "") -> 0 | D24: =IFERROR(AVERAGEIFS(中間データ!$H:$H, 中間データ!$D:$D, $A24), "") -> 0 | E24: =IFERROR(AVERAGEIFS(中間データ!$G:$G, 中間データ!$D:$D, $A24), "") -> 0 | F24: =IFERROR(AVERAGEIFS(中間データ!$K:$K, 中間データ!$D:$D, $A24), "") -> 0 | G24: =IFERROR(AVERAGEIFS(中間データ!$J:$J, 中間データ!$D:$D, $A24), "") -> 0

Sheet 中間データ
A1: {=アンケート結果!A:O} -> タイムスタンプ | B1: 社員番号 | C1: 氏名 | D1: 研修名をお選び下さい。 | E1: 担当した講師名をお選び下さい。 | F1: ① 研修に満足しましたか？（全く思わない：1、思わない：2、思う：3、強く思う：4） | G1: ② 研修内容は理解出来ましたか？（全く理解出来ていない：1、理解出来ていない：2、理解出来ている：3、十分に理解出来ている：4） | H1: ③ 研修で新たな学びは得られましたか？または必要な知識は得られましたか？（全く得られていない：1、得られていない：2、得られている：3、十分に得られている：4） | I1: ④ 研修内容のボリュームは適切でしたか？（全く適切ではない：1、適切ではない：2、適切である：3、十分に適切である：4） | J1: ⑤ 研修のテキスト、教材に対して満足しましたか？（全く思わない：1、思わない：2、思う：3、強く思う：4） | K1: ⑥ 講師の講義、あるいはフィードバックに対して満足しましたか？（全く思わない：1、思わない：2、思う：3、強く思う：4） | L1: ⑦ 講師は研修内容に関する知識を持っていましたか ？（全く持っていない：1、持っていない：2、持っている：3、十分に持っている：4） | M1: ⑧ 今回の研修で学んだことを、今後の業務で実践する機会はありそうですか？ | N1: ⑨ 研修に対する感想や要望などあれば、自由にご記入下さい。 | O1: ➉ 講師に対する感想や要望などあれば、自由にご記入下さい。 | P1: 日付
A2: 45875.741 | B2: 586 | C2: 鈴木 健斗 | D2: プロジェクトマネージャー実践研修 | E2: 永谷 裕子 (プロジェクトマネージャー実践研修担当) | F2: 4 | G2: 4 | H2: 4 | I2: 4 | J2: 4 | K2: 4 | L2: 4 | M2: ある | N2: 0 | O2: 0 | P2: =IF(A2="", "", INT(A2)) -> 45875
A3: 45875.741 | B3: 1295 | C3: 望月洋平 | D3: プロジェクトマネージャー実践研修 | E3: 永谷 裕子 (プロジェクトマネージャー実践研修担当) | F3: 4 | G3: 4 | H3: 4 | I3: 3 | J3: 3 | K3: 3 | L3: 4 | M3: ある | N3: 座学より演習時間を増やしてほしい | O3: 0 | P3: =IF(A3="", "", INT(A3)) -> 45875
A4: 45875.742 | B4: 1117 | C4: 廣田慎太郎 | D4: プロジェクトマネージャー実践研修 | E4: 永谷 裕子 (プロジェクトマネージャー実践研修担当) | F4: 4 | G4: 4 | H4: 4 | I4: 4 | J4: 4 | K4: 4 | L4: 4 | M4: ある | N4: PCを利用しない形式なので良かった。→PC利用するとどうしても仕事をしてしまう場面があるため。 ワークの題材について、引越じゃなく、具体的なIT関連PJにしても良かったと思う(参加者が全員IT経験者のため) | O4: 所々で体験談を挟んでいただいた点が良かったです。ありがとうごさいました。 | P4: =IF(A4="", "", INT(A4)) -> 45875
A5: 45875.742 | B5: 604 | C5: 田中弘紀 | D5: プロジェクトマネージャー実践研修 | E5: 永谷 裕子 (プロジェクトマネージャー実践研修担当) | F5: 3 | G5: 4 | H5: 4 | I5: 4 | J5: 3 | K5: 3 | L5: 4 | M5: ある | N5: 模造紙に手書きでは無く、スプレッドシートやスライドなどで実習に取り組めたら やりやすいと感じました。 | O5: 0 | P5: =IF(A5="", "", INT(A5)) -> 45875
A6: 45875.742 | B6: 1350 | C6: 齋藤ダイキ | D6: プロジェクトマネージャー実践研修 | E6: 永谷 裕子 (プロジェクトマネージャー実践研修担当) | F6: 4 | G6: 3 | H6: 4 | I6: 4 | J6: 4 | K6: 4 | L6: 4 | M6: ある | N6: PMでは無いので、PMがどのようなことを考えて業務を行なっているか学びながら体験できてとても良かった | O6: 実務を行なっていた講師なので、踏み込んだ話を聞けたし、いろいろ話ししてくれて楽しい研修だなと感じた | P6: =IF(A6="", "", INT(A6)) -> 45875
A7: 45875.742 | B7: 1140 | C7: 長谷川 裕昭 | D7: プロジェクトマネージャー実践研修 | E7: 永谷 裕子 (プロジェクトマネージャー実践研修担当) | F7: 4 | G7: 4 | H7: 3 | I7: 4 | J7: 4 | K7: 3 | L7: 4 | M7: ある | N7: PMとしてどうするべきか、何をするべきか、何を考えるべきかなど、学び考えることができ非常にいい経験になりました。 | O7: 0 | P7: =IF(A7="", "", INT(A7)) -> 45875
A8: 45875.742 | B8: 367 | C8: 小谷大基 | D8: プロジェクトマネージャー実践研修 | E8: 永谷 裕子 (プロジェクトマネージャー実践研修担当) | F8: 4 | G8: 4 | H8: 4 | I8: 4 | J8: 4 | K8: 4 | L8: 4 | M8: ある | N8: PM目指すかどうか関係無くプロジェクト進行についての大事な知識が詰まっているのでうちのエンジニアが全員受けるべきだと思いました。 | O8: 永谷先生の説明は非常に分かりやすく、自己学習でわからなかった点がクリアになってよかったです。 | P8: =IF(A8="", "", INT(A8)) -> 45875
A9: 45875.743 | B9: 1315 | C9: 小畑アリス | D9: プロジェクトマネージャー実践研修 | E9: 永谷 裕子 (プロジェクトマネージャー実践研修担当) | F9: 4 | G9: 4 | H9: 4 | I9: 4 | J9: 4 | K9: 4 | L9: 4 | M9: ある | N9: ワークがたくさんあり楽しかったです。実際に現在担当しているプロジェクトで不安に思ってることや解決策とかを学べました。仕事から離れて対面でやる勉強会はオンラインよりたくさん吸収できたように思います。ありがとうございました。 | O9: ２日間ありがとうございました。いつもワークの発表をした際に、みんなの意見に対して、いいね！と褒めてくださったのがすごく印象的でしたし、日々のMTGで私も真似しようと思いました。pmbokは、本が分厚くて勉強する気にならなかったので、対面でワークたくさんで勉強できたのはすごくありがたかったです。ありがとうございました。これから、PM頑張ります。 | P9: =IF(A9="", "", INT(A9)) -> 45875
A10: 45875.743 | B10: 494 | C10: 阿部幸司 | D10: プロジェクトマネージャー実践研修 | E10: 永谷 裕子 (プロジェクトマネージャー実践研修担当) | F10: 4 | G10: 4 | H10: 4 | I10: 3 | J10: 4 | K10: 4 | L10: 4 | M10: ある | N10: 漠然と知っていたことを体系として知れてよかったです。短い時間の中で要点を押さえての研修だったと思うのでまだまだ奥深いと思っているので復習と自己学習、アウトプットをして忘れないようにしていきたいとおもいます。 | O10: 実際の経験からのお話があってより現場を感じられてよかったです。 | P10: =IF(A10="", "", INT(A10)) -> 45875
A11: 45875.744 | B11: 1332 | C11: 江端隼樹 | D11: プロジェクトマネージャー実践研修 | E11: 永谷 裕子 (プロジェクトマネージャー実践研修担当) | F11: 4 | G11: 4 | H11: 4 | I11: 4 | J11: 4 | K11: 4 | L11: 4 | M11: ある | N11: 今まではっきりとPMという形で参画したプロジェクトはなかったが、WBSの作成やガントチャートは自分なりに作っていた。 ハードスキルは知っていることもあったが、ソフトスキルは知らないことも多かったので、これから身につけたい | O11: 永谷さんの経験もたくさん話してくださり、参考になりました | P11: =IF(A11="", "", INT(A11)) -> 45875
A12: 45875.744 | B12: 345 | C12: 謝花 彰一 | D12: プロジェクトマネージャー実践研修 | E12: 永谷 裕子 (プロジェクトマネージャー実践研修担当) | F12: 4 | G12: 3 | H12: 4 | I12: 3 | J12: 2 | K12: 4 | L12: 4 | M12: ある | N12: 実践パートがもう少し多ければいいかなと思いました。 | O12: 色々な自身の経験談があり楽しく進められた、マネジメントに対する知識も凄いなと思いました。 | P12: =IF(A12="", "", INT(A12)) -> 45875
A13: 45875.745 | B13: 1152 | C13: 片山健太郎 | D13: プロジェクトマネージャー実践研修 | E13: 永谷 裕子 (プロジェクトマネージャー実践研修担当) | F13: 4 | G13: 3 | H13: 4 | I13: 4 | J13: 3 | K13: 4 | L13: 4 | M13: ある | N13: 0 | O13: 0 | P13: =IF(A13="", "", INT(A13)) -> 45875
A14: 45875.746 | B14: 1438 | C14: 中村円香 | D14: プロジェクトマネージャー実践研修 | E14: 永谷 裕子 (プロジェクトマネージャー実践研修担当) | F14: 4 | G14: 4 | H14: 4 | I14: 3 | J14: 4 | K14: 4 | L14: 4 | M14: ある | N14: 実践形式のテーマがわかりやすく、PMの経験がなくてもわかりやすかったです。 | O14: 話題が豊富で何に対しても回答していただけたので、話しやすかったです。 | P14: =IF(A14="", "", INT(A14)) -> 45875
A15: 45895.757 | B15: 1120 | C15: 辻隆範 | D15: フロントエンドエンジニア実践研修(React) 初級編 | E15: 日暮 香美 (フロントエンドエンジニア実践研修(React) 初級編、中級編担当) | F15: 3 | G15: 3 | H15: 3 | I15: 3 | J15: 2 | K15: 3 | L15: 3 | M15: 分からない | N15: 資料がどこまで含まれているのかわかりずらく、どこから自分である程度調べるべきなのか、これで進め方はあっているのかという不安があった | O15: 丁寧にご対応いただきありがたかったです。 | P15: =IF(A15="", "", INT(A15)) -> 45895
A16: 45895.797 | B16: 1180 | C16: 内藤宏治 | D16: フロントエンドエンジニア実践研修(React) 初級編 | E16: 日暮 香美 (フロントエンドエンジニア実践研修(React) 初級編、中級編担当) | F16: 2 | G16: 3 | H16: 3 | I16: 2 | J16: 1 | K16: 3 | L16: 3 | M16: ある | N16: 0 | O16: 0 | P16: =IF(A16="", "", INT(A16)) -> 45895
A17: 45898.565 | B17: 1343 | C17: 雪吉礼名 | D17: フロントエンドエンジニア実践研修(React) 中級編 | E17: 柴﨑 良平 (フロントエンドエンジニア実践研修(React) 中級編担当) | F17: 4 | G17: 3 | H17: 4 | I17: 3 | J17: 3 | K17: 4 | L17: 4 | M17: ある | N17: ReduxやSliceをほとんど知らなかったのでつまづくこともありましたが、調べながら進めることができました。 案件が落ち着いている時期だったので、今回は早めに提出ができました。 繁忙期と重なっていたら、課題をこなすのが難しかったかなと感じました。 | O17: 細かい点まで確認していただきありがとうございました。 | P17: =IF(A17="", "", INT(A17)) -> 45898
A18: 45902.745 | B18: 983 | C18: 田中辰弥 | D18: フロントエンドエンジニア実践研修(React) 初級編 | E18: 伊藤 健一 (フロントエンドエンジニア実践研修(React) 初級編担当) | F18: 2 | G18: 3 | H18: 3 | I18: 3 | J18: 2 | K18: 2 | L18: 2 | M18: 分からない | N18: 研修課題が誤記がわりとあったり、問題の内容がわかりづらいところがあったので、もう少し問題内容を正確に作成して頂きたいと思いました。 | O18: 0 | P18: =IF(A18="", "", INT(A18)) -> 45902
A19: 45904.462 | B19: 001475 | C19: Joao Henrique Hideki Shirata | D19: クラウドインフラエンジニア実践研修(AWS) 初級編 | E19: 天野 盛介 (クラウドインフラエンジニア実践研修(AWS) 初級編、中級編担当) | F19: 4 | G19: 4 | H19: 4 | I19: 4 | J19: 4 | K19: 4 | L19: 4 | M19: ある | N19: 0 | O19: 0 | P19: =IF(A19="", "", INT(A19)) -> 45904
A20: 45904.47 | B20: 1430 | C20: 佐々木淳 | D20: クラウドインフラエンジニア実践研修(AWS) 初級編 | E20: 天野 盛介 (クラウドインフラエンジニア実践研修(AWS) 初級編、中級編担当) | F20: 3 | G20: 3 | H20: 3 | I20: 3 | J20: 2 | K20: 3 | L20: 3 | M20: ある | N20: 学びがあり、受講して良かったです。なお、研修テキスト（手順書）についての意見が2点あります。1点目として、品質についてです。手順書の記載誤りにより、手順どおりにいかないところが複数あり、想定以上に時間がかかりました。配布前の確認が不足していると思われます。2点目は、記載内容として、要件と手順以外の記載が少ないため、理解度向上につながるようなTipsを増やすと尚良いと思いました。Tipsの例として、サービスのユースケース、方法が複数あるケースでそれぞれのメリット・デメリット、などです。 | O20: 丁寧にご対応をいただき、ありがとうございました。 | P20: =IF(A20="", "", INT(A20)) -> 45904
A21: 45904.789 | B21: 909 | C21: 緒方遼太郎 | D21: システムエンジニア実践研修 | E21: 大矢 和輝 (システムエンジニア実践研修担当) | F21: 4 | G21: 3 | H21: 4 | I21: 4 | J21: 4 | K21: 4 | L21: 4 | M21: 分からない | N21: 0 | O21: 資料を読み込む時間が多くあった、印象なので、別日で事前に読み込める機会があればいいなと思いました。 | P21: =IF(A21="", "", INT(A21)) -> 45904
A22: 45904.789 | B22: 1296 | C22: 南川颯 | D22: システムエンジニア実践研修 | E22: 大矢 和輝 (システムエンジニア実践研修担当) | F22: 2 | G22: 2 | H22: 3 | I22: 3 | J22: 2 | K22: 3 | L22: 3 | M22: ある | N22: 0 | O22: 0 | P22: =IF(A22="", "", INT(A22)) -> 45904
A23: 45904.79 | B23: 1372 | C23: 本田詞音 | D23: システムエンジニア実践研修 | E23: 大矢 和輝 (システムエンジニア実践研修担当) | F23: 4 | G23: 4 | H23: 4 | I23: 4 | J23: 4 | K23: 4 | L23: 4 | M23: ある | N23: 0 | O23: 資料も教え方も実践課題もすごく良く、ためになりました。 | P23: =IF(A23="", "", INT(A23)) -> 45904
A24: 45904.79 | B24: 315 | C24: 足立洋介 | D24: システムエンジニア実践研修 | E24: 大矢 和輝 (システムエンジニア実践研修担当) | F24: 3 | G24: 4 | H24: 3 | I24: 3 | J24: 3 | K24: 3 | L24: 4 | M24: ある | N24: DB定義や画面入力書などを業務上やっていた、見たことがあったため、新たな学びというより復習になる部分が多かった。ユーザー側の要件定義の部分は未知の部分のため経験からの話が大変ためになった。 | O24: 0 | P24: =IF(A24="", "", INT(A24)) -> 45904
A25: 45904.79 | B25: 985 | C25: 宇山卓見 | D25: システムエンジニア実践研修 | E25: 大矢 和輝 (システムエンジニア実践研修担当) | F25: 1 | G25: 4 | H25: 2 | I25: 2 | J25: 2 | K25: 3 | L25: 4 | M25: ある | N25: 実業まで普段やっていることより難易度がかなり低く感じた（私にとっては当たり前のことがほとんどだった）。 | O25: 話し方はすごく分かりやすかったので、今回の内容を難しくて感じた方にはいい研修なのかなと思いました。 | P25: =IF(A25="", "", INT(A25)) -> 45904
A26: 45904.79 | B26: 1027 | C26: 畦﨑凜 | D26: システムエンジニア実践研修 | E26: 大矢 和輝 (システムエンジニア実践研修担当) | F26: 3 | G26: 3 | H26: 4 | I26: 3 | J26: 3 | K26: 3 | L26: 3 | M26: ある | N26: 0 | O26: 0 | P26: =IF(A26="", "", INT(A26)) -> 45904
A27: 45904.791 | B27: 1286 | C27: 古賀巧 | D27: システムエンジニア実践研修 | E27: 大矢 和輝 (システムエンジニア実践研修担当) | F27: 4 | G27: 4 | H27: 4 | I27: 4 | J27: 4 | K27: 4 | L27: 4 | M27: ある | N27: リモートではなく、集まって参加する意味があった。早起き成功してよかった。 頂いた資料がとても参考になったので見返したい。 | O27: リモートではなく、集まって参加する意味があった。早起き成功してよかった。 頂いた資料がとても参考になったので見返したい。 | P27: =IF(A27="", "", INT(A27)) -> 45904
A28: 45904.791 | B28: 001195 | C28: 木俣颯太 | D28: システムエンジニア実践研修 | E28: 大矢 和輝 (システムエンジニア実践研修担当) | F28: 3 | G28: 4 | H28: 4 | I28: 3 | J28: 4 | K28: 3 | L28: 1 | M28: 分からない | N28: 新しい知識の研修でとても勉強になりました。 普段の業務がインフラの運用が主なので今後アプリの設計書や用件定義書を読み込む際にどのような内容が記載あるのかが理解できました。 | O28: 0 | P28: =IF(A28="", "", INT(A28)) -> 45904
A29: 45904.792 | B29: 001205 | C29: 佐藤夏実 | D29: システムエンジニア実践研修 | E29: 大矢 和輝 (システムエンジニア実践研修担当) | F29: 3 | G29: 3 | H29: 3 | I29: 3 | J29: 2 | K29: 3 | L29: 3 | M29: 分からない | N29: システムエンジニアの全体像がわかってよかった。あまり知識がなかったのでイーランニングもとてもためになった。イーランニング比べて目的がよくわからなかったらつまずきやすいところなどがまとめられたらよかったかと思った。後半は単純作業だと感じた。 | O29: 本日はありがとうございました。今後システムエンジニアの一部の仕事に関わることもあると思うので今日の経験を活かしたいとおもいました。ありがとうございます。 | P29: =IF(A29="", "", INT(A29)) -> 45904
A30: 45904.793 | B30: 001270 | C30: 山岸一範 | D30: システムエンジニア実践研修 | E30: 大矢 和輝 (システムエンジニア実践研修担当) | F30: 3 | G30: 4 | H30: 2 | I30: 2 | J30: 3 | K30: 3 | L30: 3 | M30: ある | N30: 要件定義、基本設計、詳細設計で作成するドキュメントで曖昧なものがあるので、このケースではこのフェーズで作る必要があるとかも教えて欲しかった。 手で設計書は普段書かないのでPCで書かせて欲しかった。 オンライン開催でPCで課題を各自でやって、出来上がった課題の成果物を画面共有で見せる方が効率がいいと思った。 | O30: 丁寧で質問に対しても詳しく答えてくださって、雰囲気はとてもよかった。 | P30: =IF(A30="", "", INT(A30)) -> 45904
A31: 45904.795 | B31: 1029 | C31: 大橋絵実 | D31: システムエンジニア実践研修 | E31: 大矢 和輝 (システムエンジニア実践研修担当) | F31: 2 | G31: 4 | H31: 2 | I31: 2 | J31: 1 | K31: 2 | L31: 4 | M31: ある | N31: 本日はありがとうございました。完全アナログだったため、より業務に近いように色んなツール等を用いながら学べるとより実践に活かせそうだなあと感じました。また、内容が広く浅くだったため、個人的にはDB設計や業務フローをより深く学びたかったです。 | O31: 0 | P31: =IF(A31="", "", INT(A31)) -> 45904
A32: 45904.807 | B32: 001326 | C32: 吉田 優太 | D32: システムエンジニア実践研修 | E32: 大矢 和輝 (システムエンジニア実践研修担当) | F32: 4 | G32: 3 | H32: 4 | I32: 4 | J32: 4 | K32: 3 | L32: 4 | M32: ある | N32: この度は研修の機会をいただきありがとうございました。 今まで要件定義と基本設計を体系的に教わる機会が無かったので、とても有意義でした。 研修内容も現役で上流工程を担当されている方だったので、実務に即した形で大変参考になりました。 一つ要望がありまして、ワーク実施する際の様式が手書きでやりにくさを感じました。 早さと共有しやすさを考慮してPCでやらせてもらえるともっと良かったかなと思いました。 (講師の方も若干やりにくそうでした。。。) Google meetの画面共有を使えば個人単位での発表とかもやりやすそうなので、次期以降で検討もらえればと思います。 とはいえ、満足度は高かったです！ | O32: 今回のような形式での講義は初めてと伺っていましたが、そこまで違和感は無かったです。 段取り周りで若干不慣れな印象を抱きましたが、研修の質や満足度を著しく下げるような物ではなかったです。 スライド資料も読みやすく感じました。 要望としてはせっかく現役で上流やられている方なので、実務であった事をコラム的にもっと聞きたかったかもしれません。 | P32: =IF(A32="", "", INT(A32)) -> 45904
A33: 45908.373 | B33: 023007 | C33: 松永圭悟 | D33: フロントエンドエンジニア実践研修(React) 中級編 | E33: 松永 圭悟 (フロントエンドエンジニア実践研修(React) 初級編、中級編担当) | F33: 3 | G33: 2 | H33: 3 | I33: 2 | J33: 2 | K33: 2 | L33: 1 | M33: 分からない | N33: 提出物の締め切りタイミングを、より早めになるようにして頂ければと思います。 理由として、2日前の提出で確認がだいぶぎりぎりであった為です。 | O33: 0 | P33: =IF(A33="", "", INT(A33)) -> 45908
A34: 45911.559 | B34: 737 | C34: 上地航平 | D34: クラウドインフラエンジニア実践研修(AWS) 中級編 | E34: 天野 盛介 (クラウドインフラエンジニア実践研修(AWS) 初級編、中級編担当) | F34: 4 | G34: 4 | H34: 4 | I34: 4 | J34: 4 | K34: 4 | L34: 4 | M34: ある | N34: 普段の担当業務の中では、すでに構築されたECSアプリケーションの開発保守をしています。今回の研修を受講し進めていくなかで構成図ベースでしかECSを理解していませんでしたが、コンソールを触っていくなかで構成図のクラスタはここのコンソール画面とリンクしているといったイメージがついたので、今後の業務（トラシュー）に活用できると感じています。 あと手順書は詳細にかかれており、詰まるところも少なくクオリティは高かったなと思いました。 （一部上手くいかない箇所がありましたが、そのトラシュー含めて勉強になりました。） | O34: 成果物に対する適切なレビューと今後の改修に向けたヒアリングをして頂いたのが良かったです。今後上級コースの新規開設や既存の初級・中級の拡充にも期待しています。 | P34: =IF(A34="", "", INT(A34)) -> 45911
A35: 45911.57 | B35: 1433 | C35: 黒岩勇哉 | D35: クラウドインフラエンジニア実践研修(AWS) 中級編 | E35: 天野 盛介 (クラウドインフラエンジニア実践研修(AWS) 初級編、中級編担当) | F35: 3 | G35: 4 | H35: 4 | I35: 4 | J35: 3 | K35: 3 | L35: 4 | M35: ある | N35: 0 | O35: 0 | P35: =IF(A35="", "", INT(A35)) -> 45911
A36: 45911.719 | B36: 1172 | C36: 秋山悠 | D36: クラウドインフラエンジニア実践研修(AWS) 初級編 | E36: 天野 盛介 (クラウドインフラエンジニア実践研修(AWS) 初級編、中級編担当) | F36: 3 | G36: 4 | H36: 4 | I36: 3 | J36: 3 | K36: 4 | L36: 4 | M36: ある | N36: 0 | O36: 0 | P36: =IF(A36="", "", INT(A36)) -> 45911
A37: 45912.638 | B37: 1307 | C37: 中澤勇志 | D37: クラウドインフラエンジニア実践研修(GC) 中級編 | E37: 野川 錦策 (クラウドインフラエンジニア実践研修(GC) 初級編、中級編担当) | F37: 4 | G37: 4 | H37: 3 | I37: 3 | J37: 3 | K37: 3 | L37: 3 | M37: ある | N37: 0 | O37: 0 | P37: =IF(A37="", "", INT(A37)) -> 45912
A38: 45912.66 | B38: 01124 | C38: 寺田 侃生 | D38: クラウドインフラエンジニア実践研修(GC) 中級編 | E38: 野川 錦策 (クラウドインフラエンジニア実践研修(GC) 初級編、中級編担当) | F38: 4 | G38: 4 | H38: 4 | I38: 3 | J38: 4 | K38: 4 | L38: 4 | M38: ある | N38: 難易度は高いと感じたが達成感を得られてよかった | O38: 特にありません | P38: =IF(A38="", "", INT(A38)) -> 45912
A39: 45912.739 | B39: 150 | C39: 上地佑弥 | D39: プロジェクトマネージャー実践研修 | E39: 永谷 裕子 (プロジェクトマネージャー実践研修担当) | F39: 4 | G39: 4 | H39: 4 | I39: 4 | J39: 4 | K39: 4 | L39: 4 | M39: ある | N39: 0 | O39: 0 | P39: =IF(A39="", "", INT(A39)) -> 45912
A40: 45912.739 | B40: 742 | C40: 櫻田博之 | D40: プロジェクトマネージャー実践研修 | E40: 永谷 裕子 (プロジェクトマネージャー実践研修担当) | F40: 4 | G40: 4 | H40: 4 | I40: 4 | J40: 4 | K40: 4 | L40: 4 | M40: ある | N40: 0 | O40: 0 | P40: =IF(A40="", "", INT(A40)) -> 45912
A41: 45912.739 | B41: 790 | C41: 濱村綾 | D41: プロジェクトマネージャー実践研修 | E41: 永谷 裕子 (プロジェクトマネージャー実践研修担当) | F41: 4 | G41: 4 | H41: 4 | I41: 4 | J41: 4 | K41: 4 | L41: 4 | M41: ある | N41: 0 | O41: 0 | P41: =IF(A41="", "", INT(A41)) -> 45912
A42: 45912.739 | B42: 1364 | C42: 仲地 大樹 | D42: プロジェクトマネージャー実践研修 | E42: 永谷 裕子 (プロジェクトマネージャー実践研修担当) | F42: 4 | G42: 3 | H42: 4 | I42: 4 | J42: 3 | K42: 4 | L42: 4 | M42: ある | N42: 0 | O42: 0 | P42: =IF(A42="", "", INT(A42)) -> 45912
A43: 45912.739 | B43: 1306 | C43: 鹿嶋未郷 | D43: プロジェクトマネージャー実践研修 | E43: 永谷 裕子 (プロジェクトマネージャー実践研修担当) | F43: 4 | G43: 4 | H43: 4 | I43: 2 | J43: 3 | K43: 4 | L43: 4 | M43: ある | N43: もう少し長めに時間とっていただければ満足です | O43: 0 | P43: =IF(A43="", "", INT(A43)) -> 45912
A44: 45912.739 | B44: 952 | C44: 満村雄二 | D44: プロジェクトマネージャー実践研修 | E44: 永谷 裕子 (プロジェクトマネージャー実践研修担当) | F44: 4 | G44: 3 | H44: 4 | I44: 4 | J44: 4 | K44: 4 | L44: 4 | M44: ある | N44: 実戦形式も多く楽しむ事ができました。 ありがとうございました。 | O44: 外資経験のあるような方でとてもユニークな方でした | P44: =IF(A44="", "", INT(A44)) -> 45912
A45: 45912.739 | B45: 1328 | C45: 山本豪 | D45: プロジェクトマネージャー実践研修 | E45: 永谷 裕子 (プロジェクトマネージャー実践研修担当) | F45: 4 | G45: 4 | H45: 4 | I45: 3 | J45: 3 | K45: 4 | L45: 4 | M45: ある | N45: 0 | O45: 0 | P45: =IF(A45="", "", INT(A45)) -> 45912
A46: 45912.74 | B46: 864 | C46: 中地 悠斗 | D46: プロジェクトマネージャー実践研修 | E46: 永谷 裕子 (プロジェクトマネージャー実践研修担当) | F46: 3 | G46: 4 | H46: 4 | I46: 4 | J46: 3 | K46: 3 | L46: 4 | M46: ある | N46: やはりPCが使えないのが厳しかった。 | O46: 0 | P46: =IF(A46="", "", INT(A46)) -> 45912
A47: 45912.74 | B47: 1178 | C47: 青木勝則 | D47: プロジェクトマネージャー実践研修 | E47: 永谷 裕子 (プロジェクトマネージャー実践研修担当) | F47: 4 | G47: 4 | H47: 4 | I47: 4 | J47: 4 | K47: 4 | L47: 4 | M47: ある | N47: 少し端折ったところもあったので3日ぐらいあるとなお良いかかともいました | O47: 勉強になりました！ | P47: =IF(A47="", "", INT(A47)) -> 45912
A48: 45912.74 | B48: 001279 | C48: 秋野光史 | D48: プロジェクトマネージャー実践研修 | E48: 永谷 裕子 (プロジェクトマネージャー実践研修担当) | F48: 4 | G48: 4 | H48: 4 | I48: 4 | J48: 4 | K48: 4 | L48: 4 | M48: ある | N48: 0 | O48: 0 | P48: =IF(A48="", "", INT(A48)) -> 45912
A49: 45912.74 | B49: 700793 | C49: 畠山大治 | D49: プロジェクトマネージャー実践研修 | E49: 永谷 裕子 (プロジェクトマネージャー実践研修担当) | F49: 4 | G49: 4 | H49: 4 | I49: 4 | J49: 4 | K49: 4 | L49: 4 | M49: ある | N49: 0 | O49: 0 | P49: =IF(A49="", "", INT(A49)) -> 45912
A50: 45912.74 | B50: 935 | C50: 吉田優作 | D50: プロジェクトマネージャー実践研修 | E50: 永谷 裕子 (プロジェクトマネージャー実践研修担当) | F50: 4 | G50: 4 | H50: 4 | I50: 4 | J50: 4 | K50: 4 | L50: 4 | M50: ある | N50: 業務につなげれる内容が多く非常に参考になりました | O50: 0 | P50: =IF(A50="", "", INT(A50)) -> 45912
A51: 45912.742 | B51: 535 | C51: 田原慶 | D51: プロジェクトマネージャー実践研修 | E51: 永谷 裕子 (プロジェクトマネージャー実践研修担当) | F51: 4 | G51: 3 | H51: 3 | I51: 3 | J51: 3 | K51: 3 | L51: 4 | M51: ある | N51: 現代のプロジェクトに活かせるのか？が課題かと思いました。 | O51: アメリカと日本を比較した話がとても良かったです。 | P51: =IF(A51="", "", INT(A51)) -> 45912
A52: 45912.761 | B52: 001258 | C52: 篠藤 誉之 | D52: クラウドインフラエンジニア実践研修(GC) 初級編 | E52: 野川 錦策 (クラウドインフラエンジニア実践研修(GC) 初級編、中級編担当) | F52: 3 | G52: 3 | H52: 3 | I52: 2 | J52: 2 | K52: 3 | L52: 4 | M52: 分からない | N52: 課題の量や学習に費やす時間が多く必要なため、スキルアップ研修を複数こなしていくのは難しいかと思いました。難易度は問題ありませんでした。とても為になりました | O52: 0 | P52: =IF(A52="", "", INT(A52)) -> 45912
A53: 45912.775 | B53: 001326 | C53: 吉田 優太 | D53: プロジェクトマネージャー実践研修 | E53: 永谷 裕子 (プロジェクトマネージャー実践研修担当) | F53: 4 | G53: 4 | H53: 4 | I53: 4 | J53: 4 | K53: 4 | L53: 4 | M53: ある | N53: とても有意義な研修だったと思います。 最後に他の方も仰っていましたがプロジェクトマネジメントを体系的に学ぶ機会は中々ないので、貴重な機会でした。 特に「プロジェクトマネジメントの『マネジメント』とは『ただ管理する』という意味でなく『(困難な状況で)なんとか対処する』という意味である」という言葉は目から鱗でした。 内容についてもAIの登場を鑑みたPMが果たすべき役割の変化など、昨今の情勢を考慮した内容となっており、大変参考になるものでした。 ワークについてもこちらは手書きでも無理のない内容になっていて、より実践的だったと思います。(WBSの作成について大変タメになりました。) 総じて受けてよかったと思える研修でした…ありがとうございました。 | O53: 豊富な経験とご実力を伺わせる手腕が研修の内容や進行のやり方に現れていたと思います。 永谷先生によれば本来四日間の研修を圧縮した内容になっているとの事でしたが、内容の選定がプロジェクトを失敗させる大きな要因(計画•コミュニケーション)にフォーカスしており、初学者レベルの私からしても納得かつ満足できる研修内容となっていました。 現役は退かれている？ようでしたが、AIがプロジェクトマネジメントの現場に及ぼす影響などの考察も話されており、知識を更新し続けている姿勢など研修の内容以外でも見習うべきと感じた点が多々ありました。 他にもプロジェクトマネジメントの現場で実際にご経験された事をコラム的にお話されていましたが、聞いていて参考になる所もあり、面白かったです。 前職まで教科書の内容をなぞるようなレベルの研修しか受けていなかったため、確固とした実績•実力のある講師の講義とはこういうものなのか、と感嘆しました。 弊社のPM研修に次回があるのであれば、次も永谷先生に講師をお願いすると良いのではないかなと思いました。 | P53: =IF(A53="", "", INT(A53)) -> 45912
A54: 45912.813 | B54: 804 | C54: 日下 憧 | D54: クラウドインフラエンジニア実践研修(GC) 初級編 | E54: 野川 錦策 (クラウドインフラエンジニア実践研修(GC) 初級編、中級編担当) | F54: 3 | G54: 2 | H54: 3 | I54: 2 | J54: 2 | K54: 4 | L54: 4 | M54: 分からない | N54: 研修内容については難易度の高い部分もありましたが、その分非常に学びが多く、自身の知識や理解を深める大変良い機会となりました。 | O54: 講師の方には、フィードバックや質問に対して常に丁寧かつ分かりやすくご対応いただき、大変感謝しております。 受講者の理解度に合わせて詳しく説明してくださったおかげで、内容をより深く理解することができました。 | P54: =IF(A54="", "", INT(A54)) -> 45912
A55: 45917.413 | B55: 974 | C55: 久志野裕矢 | D55: クラウドインフラエンジニア実践研修(GC) 初級編 | E55: 野川 錦策 (クラウドインフラエンジニア実践研修(GC) 初級編、中級編担当) | F55: 3 | G55: 2 | H55: 2 | I55: 1 | J55: 1 | K55: 2 | L55: 3 | M55: 分からない | N55: 初級編の内容はNWとPSCをメインで課題を作成されていると伺いました。 そのため、現時点での業務で初級編のユースケースはないと考えております。 LBやPSCの理解深めるためであれば、もう少し簡素な構成でも良いかと思いました。 | O55: 特になし | P55: =IF(A55="", "", INT(A55)) -> 45917
A56: 45919.416 | B56: 001270 | C56: 山岸 一範 | D56: フロントエンドエンジニア実践研修(Vue.js) 中級編 | E56: 日野 龍樹 (フロントエンドエンジニア実践研修(Vue.js) 初級編、中級編担当) | F56: 2 | G56: 4 | H56: 1 | I56: 3 | J56: 3 | K56: 1 | L56: 2 | M56: ある | N56: 実践研修中級編ということでしたが、内容的には初級後編レベルな印象です。 個人的にはもう少し難易度の高い実践研修を求めていました。 backendはjsonファイルの読み書きで行うという指定でしたが、DB立てた方が実務に活かせると思います。 ただ、クイズのjsonの形式をアプリにとって最適にするにはどうしたらいいか試行錯誤する時間はとても楽しかったです。 | O56: 中級編のレビューをするにはレベルが足りないのではないかと思います。 Nuxtを使った実務経験はないとおっしゃっていたので、実務経験のある講師とディレクトリ構成のベストプラクティスや実装時の勘所についてもっと議論したかったです。 | P56: =IF(A56="", "", INT(A56)) -> 45919
A57: 45919.43 | B57: 1328 | C57: 山本 豪 | D57: フロントエンドエンジニア実践研修(Vue.js) 初級編 | E57: 日野 龍樹 (フロントエンドエンジニア実践研修(Vue.js) 初級編、中級編担当) | F57: 3 | G57: 3 | H57: 4 | I57: 4 | J57: 4 | K57: 4 | L57: 4 | M57: ある | N57: フロントエンジニアの学習領域はかなり広いと感じました。 学習時間がどうしても不足しがちでしたので学習期間を長く取るか、集中的に長時間学習できるように時間の確保が大事だと思いました。 | O57: あたりの柔らかい話しやすい印象で会話がし易かったです。 また、実務の内容についてもソースを丁寧に読んでいただき、適切なフィードバックをいただけたため、今後のスキルアップに繋げられると思いました。 | P57: =IF(A57="", "", INT(A57)) -> 45919
A58: 45922.492 | B58: 724 | C58: 福富道德 | D58: スマホアプリエンジニア実践研修 中級編 | E58: 清水 裕太 (スマホアプリエンジニア実践研修 初級編、中級編担当) | F58: 4 | G58: 4 | H58: 4 | I58: 4 | J58: 4 | K58: 4 | L58: 4 | M58: ある | N58: 特にありません。 | O58: 業務でも活用できそうなところを細かく指摘して頂き助かりました。 | P58: =IF(A58="", "", INT(A58)) -> 45922
A59: 45922.636 | B59: 1350 | C59: 齋藤大樹 | D59: スマホアプリエンジニア実践研修 初級編 | E59: 清水 裕太 (スマホアプリエンジニア実践研修 初級編、中級編担当) | F59: 4 | G59: 3 | H59: 4 | I59: 4 | J59: 3 | K59: 4 | L59: 4 | M59: ある | N59: 初心者には難易度が高く感じたが、提出物が提出できる頃には実務(flutterのアプリ開発をしているチーム）のコードがそれなりに読めるようになったと感じるので、とても良かったです | O59: 端的にわかりやすくFBしてもらえたので良かったです | P59: =IF(A59="", "", INT(A59)) -> 45922
A60: 45924.491 | B60: 001268 | C60: 木村 兼人 | D60: フロントエンドエンジニア実践研修(React) 中級編 | E60: 松永 圭悟 (フロントエンドエンジニア実践研修(React) 初級編、中級編担当) | F60: 4 | G60: 4 | H60: 4 | I60: 4 | J60: 4 | K60: 4 | L60: 4 | M60: ある | N60: NextJsの基礎を身につけることができました、業務に活かせればと思います。 | O60: ご対応ありがとうございました。 | P60: =IF(A60="", "", INT(A60)) -> 45924
A61: 45924.712 | B61: 561 | C61: 齋藤和久 | D61: フロントエンドエンジニア実践研修(React) 初級編 | E61: 伊藤 健一 (フロントエンドエンジニア実践研修(React) 初級編担当) | F61: 3 | G61: 3 | H61: 3 | I61: 3 | J61: 3 | K61: 3 | L61: 3 | M61: ある | N61: 教材のPDFにおいて、一部作っているものと整合性がとれない部分や説明が足りない箇所があったため、エンジニア初心者では初級編でもつまるところが多々あるのではと感じました。 | O61: 特にありません。 | P61: =IF(A61="", "", INT(A61)) -> 45924
A62: 45924.757 | B62: 1190 | C62: 小野花菜 | D62: フロントエンドエンジニア実践研修(React) 初級編 | E62: 伊藤 健一 (フロントエンドエンジニア実践研修(React) 初級編担当) | F62: 4 | G62: 4 | H62: 4 | I62: 4 | J62: 3 | K62: 4 | L62: 4 | M62: ある | N62: 一度JSで作ってからreactを導入するという順序踏んで学ぶことができたので、学習がしやすかったです。 | O62: 合否の結果や気になったことなど簡潔に伝えていただいたので、わかりやすかったです。 | P62: =IF(A62="", "", INT(A62)) -> 45924
A63: 45925.656 | B63: 1366 | C63: 毛利 彩乃 | D63: クラウドインフラエンジニア実践研修(AWS) 中級編 | E63: 天野 盛介 (クラウドインフラエンジニア実践研修(AWS) 初級編、中級編担当) | F63: 2 | G63: 3 | H63: 3 | I63: 4 | J63: 1 | K63: 2 | L63: 4 | M63: ある | N63: 【感想】 ・触ったことのなかったリソースを構築することができてためになった ・「実践研修問題」のテキストが詳しかったため、「中級」と呼ぶにはテキストが易しかったように思います。 「要件が出ていて、それに対して設計・環境構築」を実施するような内容であると実務により生きる流れとなり、よりよいと感じた（ボリュームと難易度の兼ね合いは難しいので、現状が適切ということもあるのかもしれません……） 【要望】 ・サブネット範囲の重複や手順書でのGitコマンドが不十分であった箇所など、一部不備が見受けられたため、問題・手順書のテストや精査をお願いしたいと感じた | O63: 私がフローを理解していなかったために面談では提出物のチェックシートが提出できておらず申し訳ございませんでした。 終始話しやすい雰囲気でわからなかった部分の質問などもさせていただきました。 お時間をいただきありがとうございました。 「事前準備」でcloudformationスタックからデプロイしたEC2を一度「停止」するとCFnからEC2へのアクセスが通らなくなり「504エラー」となってしまう件についてご質問させていただき、お持ち帰りいただくこととなりました。 貴社側でも事象が再現されるかどうか・再現される場合は何が原因であったのか、後日でけっこうですので教えていただけますと幸いです。 | P63: =IF(A63="", "", INT(A63)) -> 45925
A64: 45925.724 | B64: 861 | C64: 大木祐太 | D64: クラウドインフラエンジニア実践研修(AWS) 中級編 | E64: 天野 盛介 (クラウドインフラエンジニア実践研修(AWS) 初級編、中級編担当) | F64: 4 | G64: 4 | H64: 4 | I64: 4 | J64: 3 | K64: 4 | L64: 4 | M64: ある | N64: 一部間違っているところがあったので、今後に向けてさらにブラッシュアップいただけると嬉しいです。 | O64: 丁寧にご対応いただきありがとうございました。 | P64: =IF(A64="", "", INT(A64)) -> 45925
A65: 45925.739 | B65: 1056 | C65: 山本修輔 | D65: クラウドインフラエンジニア実践研修(AWS) 中級編 | E65: 天野 盛介 (クラウドインフラエンジニア実践研修(AWS) 初級編、中級編担当) | F65: 4 | G65: 4 | H65: 4 | I65: 4 | J65: 4 | K65: 4 | L65: 4 | M65: ある | N65: 上級者編とかあれば、研修を受けてみたいと思った。 | O65: 特になし。 | P65: =IF(A65="", "", INT(A65)) -> 45925
A66: 45925.756 | B66: 1466 | C66: 村上雄紀 | D66: クラウドインフラエンジニア実践研修(AWS) 中級編 | E66: 天野 盛介 (クラウドインフラエンジニア実践研修(AWS) 初級編、中級編担当) | F66: 4 | G66: 3 | H66: 4 | I66: 3 | J66: 3 | K66: 3 | L66: 4 | M66: ある | N66: 触れた事のないサービスに触れる事ができ実際に手を動かすことで理解が深まりました。再度、Udemyでコンテナを学び直して研修を再実施することでより深く理解できる様に致します。 | O66: お忙しい中、貴重な時間を頂戴し誠にありがとうございました。 FBでお聞きしたCloudFrontのオリジンに対する内容に進捗ありましたらご教示いただけますと幸いです。 よろしくお願いいたします。 | P66: =IF(A66="", "", INT(A66)) -> 45925
A67: 45925.767 | B67: 1408 | C67: Neti Rohiniesh | D67: クラウドインフラエンジニア実践研修(AWS) 初級編 | E67: 天野 盛介 (クラウドインフラエンジニア実践研修(AWS) 初級編、中級編担当) | F67: 4 | G67: 4 | H67: 2 | I67: 4 | J67: 4 | K67: 4 | L67: 4 | M67: 分からない | N67: N/A | O67: 丁寧なフィードバックと助言、ありがとうございました。 | P67: =IF(A67="", "", INT(A67)) -> 45925
A68: 45926.458 | B68: 717 | C68: 伊藤颯佑 | D68: クラウドインフラエンジニア実践研修(AWS) 中級編 | E68: 天野 盛介 (クラウドインフラエンジニア実践研修(AWS) 初級編、中級編担当) | F68: 3 | G68: 4 | H68: 2 | I68: 3 | J68: 1 | K68: 1 | L68: 3 | M68: ある | N68: ・教材のテキストに不備や不親切だと感じる点がいくつかあった。 また、教材の配布の遅れや修正が多々あったが、完了期日は据え置きのままであったりした関係で研修に取り組む時間を確保するのが難しかった。 ・実施するAWS環境すら決まっていない状態で研修が開始された。 受講することが決まった後に、自分のセクション環境にてリソース構築することが決定したため、リソース作成のコストの負担等はどう取り決められていたのか気になった。 ・Slackの問い合わせフォームにて、主に研修の進め方に関する疑問点を解消できるのは良かった。 ・Excelでの成果物提出を実施したが、成果物として意味があるのかやや疑問だった。 疑問点など記載する欄が用意されていたが、面談時には自力で解決をしている状態であったため、あまり相談することがなかった。課題が問題なく終了していることもあり、特に問題なさそうですね。。といったやり取りで終えてしまった。（実際に15分ほどで面談は終了） | P68: =IF(A68="", "", INT(A68)) -> 45926
A69: 45926.691 | B69: 1270 | C69: 山岸一範 | D69: フロントエンドエンジニア実践研修(React) 中級編 | E69: 柴﨑 良平 (フロントエンドエンジニア実践研修(React) 中級編担当) | F69: 3 | G69: 4 | H69: 3 | I69: 2 | J69: 3 | K69: 2 | L69: 3 | M69: ある | N69: 実務でReact / Next.js は使ったことがなかったので今回手を動かしてアプリを作ることができてよかった。 中級くらいならDBやOAuth使った認証も加えた課題にしてよかった気がします。 | O69: デザインに気になるところがあると否定から入るのでイライラした。 褒めてから指摘するなどした方がいい。 | P69: =IF(A69="", "", INT(A69)) -> 45926
A70: 45929.525 | B70: 1366 | C70: 毛利 彩乃（要望を追記して再提出させていただきます） | D70: クラウドインフラエンジニア実践研修(AWS) 中級編 | E70: 天野 盛介 (クラウドインフラエンジニア実践研修(AWS) 初級編、中級編担当) | F70: 2 | G70: 3 | H70: 3 | I70: 3 | J70: 1 | K70: 2 | L70: 3 | M70: ある | N70: 〈研修内容への要望〉 前回の回答では、要望面含めてあまり具体的な記載をしていなかったと記憶しますため、 私が実施して気になった内容と要望を追加で記載させていただきます。 ⚫︎検証用の環境を構築するためのCloudFormationのコードの改善 - ElasticIPアドレスが振られていないため、再度起動した際にCFのオリジンとEC2のパブリックDNSが不一致となる - nginxの自動起動が設定されていない →これにより、一度EC2を停止し、再度起動して研修を再開しようとした際にCF→EC2の接続が行えませんでした。 この構成ですとEC2を停止することは十分にありうると考えますため、コードを改善いただきたいです。 この内容は事前準備であり、本題とは逸れる内容であるため、主題に集中するためにきちんと整備されていてほしいと感じます。 ⚫︎サブネットのNWアドレスの重複の改善 →NWの重複があり、テキストの指示通りのNW範囲でサブネットを切れない いち受講者としての所感ですが、特にNW不一致については「もしかするとこれは事前に必要なテストがなされていない教材なのかもしれない」と感じてしまいました。 ⚫︎研修そのものの終わり方の改善 「面談を完了すれば終わり」ではなく、修了証のようなものがほしいです。 こういった内容の研修を受けた、こんなリソースを触ってこんなことができるようになった、と研修の内容がまとめられ、社内のオフィシャルな記録に残せるようなものをイメージしています。 よろしくお願いいたします。 | O70: 前回提出させていただいた通りです。ご対応ありがとうございます。 | P70: =IF(A70="", "", INT(A70)) -> 45929
A71: 45929.772 | B71: 1332 | C71: 江端隼樹 | D71: フロントエンドエンジニア実践研修(React) 初級編 | E71: 日暮 香美 (フロントエンドエンジニア実践研修(React) 初級編、中級編担当) | F71: 3 | G71: 3 | H71: 4 | I71: 4 | J71: 2 | K71: 3 | L71: 4 | M71: ある | N71: e-learningのボリュームが多かったので、既に習得ずみのものは跳ばして受講した | O71: フィードバックで適切な指摘をいただいた | P71: =IF(A71="", "", INT(A71)) -> 45929
A72: 45930.77 | B72: 983 | C72: 田中辰弥 | D72: フロントエンドエンジニア実践研修(React) 中級編 | E72: 日暮 香美 (フロントエンドエンジニア実践研修(React) 初級編、中級編担当) | F72: 4 | G72: 4 | H72: 4 | I72: 4 | J72: 4 | K72: 4 | L72: 4 | M72: 分からない | N72: 今回はNext.jsの内部に作ったAPIを使っていましたが、外部APIを使った問題もあるとなお良かったかなと思います。 | O72: 丁寧にフィードバックして頂き、ありがとうございました！ | P72: =IF(A72="", "", INT(A72)) -> 45930
A73: 45932.429 | B73: 1079 | C73: 坂 翔太 | D73: フロントエンドエンジニア実践研修(React) 中級編 | E73: 日暮 香美 (フロントエンドエンジニア実践研修(React) 初級編、中級編担当) | F73: 4 | G73: 4 | H73: 4 | I73: 4 | J73: 3 | K73: 4 | L73: 4 | M73: ある | N73: eslintやprettierなども研修内容にあるとより実務レベルの経験を詰めると思いました。 | O73: 質問に丁寧に回答していただき、ありがとうございました。 | P73: =IF(A73="", "", INT(A73)) -> 45932
A74: 45939.68 | B74: 001162 | C74: 馬場拓也 | D74: フロントエンドエンジニア実践研修(Vue.js) 初級編 | E74: 小川 雅大 (フロントエンドエンジニア実践研修(Vue.js) 初級編、中級編担当) | F74: 4 | G74: 4 | H74: 4 | I74: 4 | J74: 4 | K74: 4 | L74: 4 | M74: ある | N74: ワークフロー「成果物の提出」で1on1フィードバック予約日を入力しましたが、これについて特に音沙汰がなく、別途1on1予約しないといけないのがわかりづらかったです | O74: 要件と問題のPDFもわかりやすく記載されており、進めやすかったです | P74: =IF(A74="", "", INT(A74)) -> 45939
A75: 45939.686 | B75: 1050 | C75: 並木 柊斗 | D75: フロントエンドエンジニア実践研修(Vue.js) 初級編 | E75: 小川 雅大 (フロントエンドエンジニア実践研修(Vue.js) 初級編、中級編担当) | F75: 4 | G75: 3 | H75: 4 | I75: 4 | J75: 4 | K75: 4 | L75: 4 | M75: ある | N75: 特になし | O75: 特になし | P75: =IF(A75="", "", INT(A75)) -> 45939
A76: 45940.749 | B76: 1258 | C76: 篠藤 誉之 | D76: フロントエンドエンジニア実践研修(Vue.js) 初級編 | E76: 小川 雅大 (フロントエンドエンジニア実践研修(Vue.js) 初級編、中級編担当) | F76: 3 | G76: 4 | H76: 3 | I76: 3 | J76: 4 | K76: 3 | L76: 3 | M76: ある | N76: 研修問題が分かりやすく、やっていく中で自信がつきました。ありがとうございます | O76: 特にございません | P76: =IF(A76="", "", INT(A76)) -> 45940
A77: 45940.749 | B77: 1435 | C77: 島仲 立希 | D77: クラウドインフラエンジニア実践研修(AWS) 初級編 | E77: 天野 盛介 (クラウドインフラエンジニア実践研修(AWS) 初級編、中級編担当) | F77: 3 | G77: 3 | H77: 4 | I77: 3 | J77: 3 | K77: 3 | L77: 3 | M77: ある | N77: 業務では設定することのない操作を実施できたので学びになった | O77: 親身に対応いただけた | P77: =IF(A77="", "", INT(A77)) -> 45940
A78: 45946.629 | B78: 001162 | C78: 馬場拓也 | D78: クラウドインフラエンジニア実践研修(AWS) 初級編 | E78: 天野 盛介 (クラウドインフラエンジニア実践研修(AWS) 初級編、中級編担当) | F78: 4 | G78: 3 | H78: 3 | I78: 4 | J78: 3 | K78: 3 | L78: 4 | M78: ある | N78: 特にありません | O78: 最後に実施したヘルスステータスは問題なく「Healthy」となりました | P78: =IF(A78="", "", INT(A78)) -> 45946
A79: 45950.641 | B79: 682 | C79: 梶達也 | D79: スマホアプリエンジニア実践研修 初級編 | E79: 清水 裕太 (スマホアプリエンジニア実践研修 初級編、中級編担当) | F79: 3 | G79: 4 | H79: 3 | I79: 3 | J79: 2 | K79: 3 | L79: 3 | M79: 分からない | N79: 他の言語も学んでみたい | O79: なし | P79: =IF(A79="", "", INT(A79)) -> 45950
A80: 45951.741 | B80: 1033 | C80: 鎌倉なつの | D80: クラウドインフラエンジニア実践研修(AWS) 中級編 | E80: 天野 盛介 (クラウドインフラエンジニア実践研修(AWS) 初級編、中級編担当) | F80: 3 | G80: 4 | H80: 4 | I80: 3 | J80: 2 | K80: 4 | L80: 3 | M80: ある | N80: 特になし | O80: 特になし | P80: =IF(A80="", "", INT(A80)) -> 45951
A81: 45952.657 | B81: 619 | C81: 石川 耕平 | D81: フロントエンドエンジニア実践研修(React) 中級編 | E81: 松永 圭悟 (フロントエンドエンジニア実践研修(React) 初級編、中級編担当) | F81: 4 | G81: 4 | H81: 4 | I81: 4 | J81: 4 | K81: 3 | L81: 4 | M81: ある | N81: Vue.js は使ったことがありましたが、Reactは使ったことなかったので今回受講することにした。 システムシェアードさんの研修に興味があったので受講することにした。 TailWindCSSに慣れていなかったので、classの設定に苦労した。 | O81: 特になし | P81: =IF(A81="", "", INT(A81)) -> 45952
A82: 45952.677 | B82: 0977 | C82: 田村直也 | D82: フロントエンドエンジニア実践研修(React) 中級編 | E82: 松永 圭悟 (フロントエンドエンジニア実践研修(React) 初級編、中級編担当) | F82: 3 | G82: 4 | H82: 3 | I82: 4 | J82: 3 | K82: 1 | L82: 1 | M82: ある | N82: 特になし | O82: 講師の方のフィードバックはあまり参考にならなかった。もう少しコードレベルでのフィードバックを頂けた方が参考になると思いました。 | P82: =IF(A82="", "", INT(A82)) -> 45952
A83: 45952.748 | B83: 1034 | C83: 鴨志田公佑 | D83: フロントエンドエンジニア実践研修(React) 中級編 | E83: 松永 圭悟 (フロントエンドエンジニア実践研修(React) 初級編、中級編担当) | F83: 3 | G83: 3 | H83: 3 | I83: 3 | J83: 3 | K83: 3 | L83: 3 | M83: ある | N83: こちら側では発生してないが、講師の方側でアプリ起動時にエラーが発生してしまったため、フィードバックは二回目の提出時に行うことになりました。 | O83: ありがとうございました。 | P83: =IF(A83="", "", INT(A83)) -> 45952
A84: 45953.595 | B84: 967 | C84: 米田 和輝 | D84: クラウドインフラエンジニア実践研修(GC) 中級編 | E84: 野川 錦策 (クラウドインフラエンジニア実践研修(GC) 初級編、中級編担当) | F84: 4 | G84: 4 | H84: 4 | I84: 4 | J84: 3 | K84: 3 | L84: 4 | M84: ある | N84: Google Cloud の主要サービスを Terraform のモジュール構成で設計・構築する流れを経験できたため、今後の案件にも活かすことができる汎用的なスキルを身につけることができたと思います。 | O84: 提出した成果物に対して詳細にレビューいただき、疑問点の解消ができました。 | P84: =IF(A84="", "", INT(A84)) -> 45953
A85: 45959.663 | B85: 1180 | C85: 内藤 宏治 | D85: フロントエンドエンジニア実践研修(React) 中級編 | E85: 松永 圭悟 (フロントエンドエンジニア実践研修(React) 初級編、中級編担当) | F85: 3 | G85: 3 | H85: 3 | I85: 3 | J85: 1 | K85: 3 | L85: 3 | M85: 分からない | N85: どう設計するのがベターだったのかを見たいので、完成したリポジトリのリンクなどが教材下部にあると嬉しかったです。 | O85: 非常に緊張してたので、Reactの分野に関して講師なのでもっと自信を持っていいと思いました！ | P85: =IF(A85="", "", INT(A85)) -> 45959
A86: 45961.732 | B86: 001324 | C86: 藤原 康敬 | D86: クラウドインフラエンジニア実践研修(AWS) 中級編 | E86: 天野 盛介 (クラウドインフラエンジニア実践研修(AWS) 初級編、中級編担当) | F86: 4 | G86: 3 | H86: 4 | I86: 3 | J86: 3 | K86: 4 | L86: 4 | M86: ある | N86: アプリを稼働させる基盤構築に加え、サードパーティ製品（例：Datadog、New Relic、Prometheus/Grafanaなど）を用いたオブザーバビリティ強化についても学びたいです。特に、APM（Application Performance Monitoring）ツールを導入し、アプリケーションのパフォーマンス分析やボトルネックの特定を行う実践的な演習があると、より現場で役立つと感じます。 | O86: チェックシートに記載していなかった疑問点等に関しても回答してくださり、ありがとうございました。 | P86: =IF(A86="", "", INT(A86)) -> 45961
A87: 45961.769 | B87: 1032 | C87: 叶内郁也 | D87: フロントエンドエンジニア実践研修(React) 中級編 | E87: 柴﨑 良平 (フロントエンドエンジニア実践研修(React) 中級編担当) | F87: 4 | G87: 4 | H87: 4 | I87: 4 | J87: 4 | K87: 4 | L87: 4 | M87: ある | N87: next.jsやreduxは実践的に初めて学べたため、今後のモデルとして役立ついい経験となりました。 | O87: 特にはありません。 | P87: =IF(A87="", "", INT(A87)) -> 45961
A88: 45961.775 | B88: 1332 | C88: 江端隼樹 | D88: フロントエンドエンジニア実践研修(React) 中級編 | E88: 柴﨑 良平 (フロントエンドエンジニア実践研修(React) 中級編担当) | F88: 4 | G88: 3 | H88: 3 | I88: 2 | J88: 3 | K88: 4 | L88: 4 | M88: ある | N88: 最後の課題の内容が少しボリューミーだった | O88: 適切にアドバイスをもらった | P88: =IF(A88="", "", INT(A88)) -> 45961
A89: 45979.706 | B89: 1362 | C89: 橋本 聡太 | D89: クラウドインフラエンジニア実践研修(GC) 初級編 | E89: 野川 錦策 (クラウドインフラエンジニア実践研修(GC) 初級編、中級編担当) | F89: 3 | G89: 3 | H89: 4 | I89: 3 | J89: 2 | K89: 4 | L89: 4 | M89: ある | N89: 初級編にしては難易度が高いと感じたので、構築リソースを見直すか、研修の教材をより丁寧すると良いと思いました。 | O89: ご丁寧に説明いただきありがとうございます。 | P89: =IF(A89="", "", INT(A89)) -> 45979
A90: 45979.761 | B90: 1422 | C90: 吉田 夢来 | D90: バックエンドエンジニア実践研修(PHP) 初級編 | E90: 相馬 大智 (バックエンドエンジニア実践研修(PHP) 初級編担当) | F90: 4 | G90: 3 | H90: 4 | I90: 4 | J90: 4 | K90: 4 | L90: 4 | M90: ある | N90: Laravelの課題に取り組む中でルーティングやMVCモデルの基礎を体系的に学ぶことができました。これにより、案件に参画する上での基礎力をしっかりと身につけることができたと感じています。 | O90: チーム開発におけるコーディングで意識すべき点や、AIを活用した効率的なコーディング方法など、限られた時間の中で非常に実践的かつ多様な知識を教えていただきました。この機会を活かし、今後エンジニアとしてさらに成長していきたいと強く思いました。 | P90: =IF(A90="", "", INT(A90)) -> 45979
A91: 45980.439 | B91: 291 | C91: 澤田 翼 | D91: クラウドインフラエンジニア実践研修(GC) 初級編 | E91: 野川 錦策 (クラウドインフラエンジニア実践研修(GC) 初級編、中級編担当) | F91: 3 | G91: 3 | H91: 3 | I91: 4 | J91: 2 | K91: 4 | L91: 4 | M91: ある | N91: GCを体系的に学ぶ機会が欲しかったためその点においては良かったし課題のレベル感や 題材も適切なものであったと思う。 ただ初級でも成果物作成においてterraformを使う研修であることを事前に知らされていなかったためその点は面食らった。多少GCを学ぶハードルにもなる点のため、概要で記載し事前に通知すべきと思う。 また、10-12月期の研修であるにもかかわらず1on1が11月中旬に1回のみしか設定されないことはいただけないと感じた。 | O91: 適切なアドバイス、ありがとうございました。 | P91: =IF(A91="", "", INT(A91)) -> 45980
A92: 45980.67 | B92: 001151 | C92: 大山晃介 | D92: クラウドインフラエンジニア実践研修(AWS) 初級編 | E92: 天野 盛介 (クラウドインフラエンジニア実践研修(AWS) 初級編、中級編担当) | F92: 3 | G92: 3 | H92: 3 | I92: 3 | J92: 3 | K92: 3 | L92: 3 | M92: ある | N92: ec2で実行するコマンドなど、手順書と問題で異なっていたので差異がないようにしてほしい。 | O92: 真摯にご対応いただきました。 | P92: =IF(A92="", "", INT(A92)) -> 45980
A93: 45982.78 | B93: 000023 | C93: 齋藤 充裕 | D93: バックエンドエンジニア実践研修(Python) 初級編 | E93: 友井川 翔太 (バックエンドエンジニア実践研修(Python) 初級編、中級編担当) | F93: 3 | G93: 2 | H93: 3 | I93: 3 | J93: 3 | K93: 4 | L93: 4 | M93: ある | N93: 特になし | O93: 1on1でとても丁寧に解説してくれてわかりやすかったです。 | P93: =IF(A93="", "", INT(A93)) -> 45982
A94: 45986.792 | B94: 1090 | C94: 入道裕康 | D94: フロントエンドエンジニア実践研修(React) 初級編 | E94: 長沢 宏彦 | F94: 3 | G94: 4 | H94: 3 | I94: 3 | J94: 3 | K94: 3 | L94: 3 | M94: ある | N94: 研修の流れは大変わかりやすいと思いました。ただ講座案内の際にudemyの内容を把握していることとするのは前提知識として過剰すぎるように感じました。 また、udemyの講座では最新のreactではviteでプロジェクト作成するように訂正が入っていたところ、研修内ではエントリーポイントがindex.jsxで名付けられているなど現在非推奨のCRAで実装する想定になっていそうな印象を受け混乱しました。 | O94: 参考になりました。 | P94: =IF(A94="", "", INT(A94)) -> 45986
A95: 45987.701 | B95: 1357 | C95: 松岡沙貴 | D95: フロントエンドエンジニア実践研修(React) 初級編 | E95: 長沢 宏彦 | F95: 4 | G95: 3 | H95: 4 | I95: 4 | J95: 4 | K95: 4 | L95: 4 | M95: ある | N95: 実務にすぐ活かせる内容が多く、有意義な研修でした。 | O95: 質問しやすい雰囲気を作ってくださり、安心して受講できました。 | P95: =IF(A95="", "", INT(A95)) -> 45987
A96: 45987.736 | B96: 1042 | C96: 坂井田啓太 | D96: フロントエンドエンジニア実践研修(React) 初級編 | E96: 長沢 宏彦 | F96: 4 | G96: 4 | H96: 4 | I96: 4 | J96: 4 | K96: 4 | L96: 4 | M96: ある | N96: 今まで負入れたことないReactについて適切な難易度で学習することができたと感じます。 | O96: とても丁寧にアドバイスいただき、初めての React 学習でしたが自信を持つことができました。 今後は中級にも取り組む予定ですので、また機会がありましたらよろしくお願いいたします。 | P96: =IF(A96="", "", INT(A96)) -> 45987
A97: 45988.653 | B97: 001335 | C97: 福岡駿 | D97: フロントエンドエンジニア実践研修(Vue.js) 初級編 | E97: 長沢 宏彦 | F97: 3 | G97: 3 | H97: 4 | I97: 3 | J97: 3 | K97: 4 | L97: 4 | M97: ある | N97: Vueの基礎的な内容を用いて一つ動くものを作ることができとても良い経験になりました | O97: 本研修の対応部分だけでなく実務観点でどう拡張していくと良いか教えていただきとても参考になりました | P97: =IF(A97="", "", INT(A97)) -> 45988
A98: 45989.545 | B98: 1328 | C98: 山本 豪 | D98: フロントエンドエンジニア実践研修(Vue.js) 中級編 | E98: 長沢 宏彦 | F98: 3 | G98: 3 | H98: 4 | I98: 3 | J98: 3 | K98: 4 | L98: 4 | M98: ある | N98: 学びの機会を与えていただける大変有意義な研修になっています。スケジュール調整や申請方法等で運営の方（特に張さん）が大変そうですが、すぐにレスポンスいただけて大変助かりました。ありがとうございました。 | O98: フィードバックでは実践するにあたって注意すべき点をご説明いただき、大変役に立ちました、ありがとうございました。 | P98: =IF(A98="", "", INT(A98)) -> 45989
A99: 45989.652 | B99: 1230 | C99: 横山 奏人 | D99: バックエンドエンジニア実践研修(PHP) 中級編 | E99: 長沢 宏彦 | F99: 3 | G99: 4 | H99: 3 | I99: 4 | J99: 3 | K99: 4 | L99: 4 | M99: ある | N99: 今回の成果物に関してですが、TODOアプリの実装は配属先の研修と類似していたため、受講者側で作成する成果物を複数から選択する方針もいいかもしれないと感じました。 | O99: この度は成果物の確認およびフィードバックの実施をいただき、誠にありがとうございました。 短い時間ではありましたが、成果物だけでなく、開発エンジニアとしてキャリアを進める上で疑問や不安に感じていたことについてもお話を聞いていただけて良かったです。 引き続き精進していきます。ありがとうございました。 | P99: =IF(A99="", "", INT(A99)) -> 45989
A100: 45994.697 | B100: 1240 | C100: 谷本佳史 | D100: クラウドインフラエンジニア実践研修(AWS) 中級編 | E100: 天野 盛介 | F100: 2 | G100: 3 | H100: 3 | I100: 3 | J100: 3 | K100: 2 | L100: 3 | M100: 分からない | N100: 時間がない中だったが、AI活用や資料の丁寧さ、スタッフの皆さんのフォローが充実していて達成できました。ありがとうございました。 | O100: 面談当日、講師の方が時間の勘違いで遅刻されていたので、気をつけた方がいいかと思いました。また、終了時間もこちらから伝えないと意識してなさそうだったのは、よろしくないかと思いました。質問内容については、ややこしい質問にも真摯にお答えいただいたように感じます。 | P100: =IF(A100="", "", INT(A100)) -> 45994
...

Sheet 2025年度第1期_アンケート集計
A1: 基本情報 | C1: アンケート集計
A2: コース名 | B2: 回答者数 | C2: 研修満足度 | D2: 研修必要度 | E2: 研修理解度 | F2: 講師評価 | G2: 教材評価
A3: プロジェクトマネージャー実践研修 | B3: =IFERROR(COUNTIFS(中間データ!$D:$D,$A3,中間データ!$P:$P,">="&DATE(2025,8,1),中間データ!$P:$P,"<="&DATE(2025,10,31)),"") -> 27 | C3: =IFERROR(AVERAGEIFS(中間データ!$F:$F,中間データ!$D:$D,$A3,中間データ!$P:$P,">="&DATE(2025,8,1),中間データ!$P:$P,"<="&DATE(2025,10,31)),"") -> 3.9259259 | D3: =IFERROR(AVERAGEIFS(中間データ!$H:$H,中間データ!$D:$D,$A3,中間データ!$P:$P,">="&DATE(2025,8,1),中間データ!$P:$P,"<="&DATE(2025,10,31)),"") -> 3.9259259 | E3: =IFERROR(AVERAGEIFS(中間データ!$G:$G,中間データ!$D:$D,$A3,中間データ!$P:$P,">="&DATE(2025,8,1),中間データ!$P:$P,"<="&DATE(2025,10,31)),"") -> 3.7777778 | F3: =IFERROR(AVERAGEIFS(中間データ!$K:$K,中間データ!$D:$D,$A3,中間データ!$P:$P,">="&DATE(2025,8,1),中間データ!$P:$P,"<="&DATE(2025,10,31)),"") -> 3.8148148 | G3: =IFERROR(AVERAGEIFS(中間データ!$J:$J,中間データ!$D:$D,$A3,中間データ!$P:$P,">="&DATE(2025,8,1),中間データ!$P:$P,"<="&DATE(2025,10,31)),"") -> 3.6296296
A4: システムエンジニア実践研修 | B4: =IFERROR(COUNTIFS(中間データ!$D:$D,$A4,中間データ!$P:$P,">="&DATE(2025,8,1),中間データ!$P:$P,"<="&DATE(2025,10,31)),"") -> 12 | C4: =IFERROR(AVERAGEIFS(中間データ!$F:$F,中間データ!$D:$D,$A4,中間データ!$P:$P,">="&DATE(2025,8,1),中間データ!$P:$P,"<="&DATE(2025,10,31)),"") -> 3 | D4: =IFERROR(AVERAGEIFS(中間データ!$H:$H,中間データ!$D:$D,$A4,中間データ!$P:$P,">="&DATE(2025,8,1),中間データ!$P:$P,"<="&DATE(2025,10,31)),"") -> 3.25 | E4: =IFERROR(AVERAGEIFS(中間データ!$G:$G,中間データ!$D:$D,$A4,中間データ!$P:$P,">="&DATE(2025,8,1),中間データ!$P:$P,"<="&DATE(2025,10,31)),"") -> 3.5 | F4: =IFERROR(AVERAGEIFS(中間データ!$K:$K,中間データ!$D:$D,$A4,中間データ!$P:$P,">="&DATE(2025,8,1),中間データ!$P:$P,"<="&DATE(2025,10,31)),"") -> 3.1666667 | G4: =IFERROR(AVERAGEIFS(中間データ!$J:$J,中間データ!$D:$D,$A4,中間データ!$P:$P,">="&DATE(2025,8,1),中間データ!$P:$P,"<="&DATE(2025,10,31)),"") -> 3
A5: スマホアプリエンジニア実践研修 初級編 | B5: =IFERROR(COUNTIFS(中間データ!$D:$D,$A5,中間データ!$P:$P,">="&DATE(2025,8,1),中間データ!$P:$P,"<="&DATE(2025,10,31)),"") -> 2 | C5: =IFERROR(AVERAGEIFS(中間データ!$F:$F,中間データ!$D:$D,$A5,中間データ!$P:$P,">="&DATE(2025,8,1),中間データ!$P:$P,"<="&DATE(2025,10,31)),"") -> 3.5 | D5: =IFERROR(AVERAGEIFS(中間データ!$H:$H,中間データ!$D:$D,$A5,中間データ!$P:$P,">="&DATE(2025,8,1),中間データ!$P:$P,"<="&DATE(2025,10,31)),"") -> 3.5 | E5: =IFERROR(AVERAGEIFS(中間データ!$G:$G,中間データ!$D:$D,$A5,中間データ!$P:$P,">="&DATE(2025,8,1),中間データ!$P:$P,"<="&DATE(2025,10,31)),"") -> 3.5 | F5: =IFERROR(AVERAGEIFS(中間データ!$K:$K,中間データ!$D:$D,$A5,中間データ!$P:$P,">="&DATE(2025,8,1),中間データ!$P:$P,"<="&DATE(2025,10,31)),"") -> 3.5 | G5: =IFERROR(AVERAGEIFS(中間データ!$J:$J,中間データ!$D:$D,$A5,中間データ!$P:$P,">="&DATE(2025,8,1),中間データ!$P:$P,"<="&DATE(2025,10,31)),"") -> 2.5
A6: スマホアプリエンジニア実践研修 中級編 | B6: =IFERROR(COUNTIFS(中間データ!$D:$D,$A6,中間データ!$P:$P,">="&DATE(2025,8,1),中間データ!$P:$P,"<="&DATE(2025,10,31)),"") -> 1 | C6: =IFERROR(AVERAGEIFS(中間データ!$F:$F,中間データ!$D:$D,$A6,中間データ!$P:$P,">="&DATE(2025,8,1),中間データ!$P:$P,"<="&DATE(2025,10,31)),"") -> 4 | D6: =IFERROR(AVERAGEIFS(中間データ!$H:$H,中間データ!$D:$D,$A6,中間データ!$P:$P,">="&DATE(2025,8,1),中間データ!$P:$P,"<="&DATE(2025,10,31)),"") -> 4 | E6: =IFERROR(AVERAGEIFS(中間データ!$G:$G,中間データ!$D:$D,$A6,中間データ!$P:$P,">="&DATE(2025,8,1),中間データ!$P:$P,"<="&DATE(2025,10,31)),"") -> 4 | F6: =IFERROR(AVERAGEIFS(中間データ!$K:$K,中間データ!$D:$D,$A6,中間データ!$P:$P,">="&DATE(2025,8,1),中間データ!$P:$P,"<="&DATE(2025,10,31)),"") -> 4 | G6: =IFERROR(AVERAGEIFS(中間データ!$J:$J,中間データ!$D:$D,$A6,中間データ!$P:$P,">="&DATE(2025,8,1),中間データ!$P:$P,"<="&DATE(2025,10,31)),"") -> 4
A7: バックエンドエンジニア実践研修(Python) 初級編 | B7: =IFERROR(COUNTIFS(中間データ!$D:$D,$A7,中間データ!$P:$P,">="&DATE(2025,8,1),中間データ!$P:$P,"<="&DATE(2025,10,31)),"") -> 0 | C7: =IFERROR(AVERAGEIFS(中間データ!$F:$F,中間データ!$D:$D,$A7,中間データ!$P:$P,">="&DATE(2025,8,1),中間データ!$P:$P,"<="&DATE(2025,10,31)),"") | D7: =IFERROR(AVERAGEIFS(中間データ!$H:$H,中間データ!$D:$D,$A7,中間データ!$P:$P,">="&DATE(2025,8,1),中間データ!$P:$P,"<="&DATE(2025,10,31)),"") | E7: =IFERROR(AVERAGEIFS(中間データ!$G:$G,中間データ!$D:$D,$A7,中間データ!$P:$P,">="&DATE(2025,8,1),中間データ!$P:$P,"<="&DATE(2025,10,31)),"") | F7: =IFERROR(AVERAGEIFS(中間データ!$K:$K,中間データ!$D:$D,$A7,中間データ!$P:$P,">="&DATE(2025,8,1),中間データ!$P:$P,"<="&DATE(2025,10,31)),"") | G7: =IFERROR(AVERAGEIFS(中間データ!$J:$J,中間データ!$D:$D,$A7,中間データ!$P:$P,">="&DATE(2025,8,1),中間データ!$P:$P,"<="&DATE(2025,10,31)),"")
A8: バックエンドエンジニア実践研修(Python) 中級編 | B8: =IFERROR(COUNTIFS(中間データ!$D:$D,$A8,中間データ!$P:$P,">="&DATE(2025,8,1),中間データ!$P:$P,"<="&DATE(2025,10,31)),"") -> 0 | C8: =IFERROR(AVERAGEIFS(中間データ!$F:$F,中間データ!$D:$D,$A8,中間データ!$P:$P,">="&DATE(2025,8,1),中間データ!$P:$P,"<="&DATE(2025,10,31)),"") | D8: =IFERROR(AVERAGEIFS(中間データ!$H:$H,中間データ!$D:$D,$A8,中間データ!$P:$P,">="&DATE(2025,8,1),中間データ!$P:$P,"<="&DATE(2025,10,31)),"") | E8: =IFERROR(AVERAGEIFS(中間データ!$G:$G,中間データ!$D:$D,$A8,中間データ!$P:$P,">="&DATE(2025,8,1),中間データ!$P:$P,"<="&DATE(2025,10,31)),"") | F8: =IFERROR(AVERAGEIFS(中間データ!$K:$K,中間データ!$D:$D,$A8,中間データ!$P:$P,">="&DATE(2025,8,1),中間データ!$P:$P,"<="&DATE(2025,10,31)),"") | G8: =IFERROR(AVERAGEIFS(中間データ!$J:$J,中間データ!$D:$D,$A8,中間データ!$P:$P,">="&DATE(2025,8,1),中間データ!$P:$P,"<="&DATE(2025,10,31)),"")
A9: バックエンドエンジニア実践研修(PHP) 初級編 | B9: =IFERROR(COUNTIFS(中間データ!$D:$D,$A9,中間データ!$P:$P,">="&DATE(2025,8,1),中間データ!$P:$P,"<="&DATE(2025,10,31)),"") -> 0 | C9: =IFERROR(AVERAGEIFS(中間データ!$F:$F,中間データ!$D:$D,$A9,中間データ!$P:$P,">="&DATE(2025,8,1),中間データ!$P:$P,"<="&DATE(2025,10,31)),"") | D9: =IFERROR(AVERAGEIFS(中間データ!$H:$H,中間データ!$D:$D,$A9,中間データ!$P:$P,">="&DATE(2025,8,1),中間データ!$P:$P,"<="&DATE(2025,10,31)),"") | E9: =IFERROR(AVERAGEIFS(中間データ!$G:$G,中間データ!$D:$D,$A9,中間データ!$P:$P,">="&DATE(2025,8,1),中間データ!$P:$P,"<="&DATE(2025,10,31)),"") | F9: =IFERROR(AVERAGEIFS(中間データ!$K:$K,中間データ!$D:$D,$A9,中間データ!$P:$P,">="&DATE(2025,8,1),中間データ!$P:$P,"<="&DATE(2025,10,31)),"") | G9: =IFERROR(AVERAGEIFS(中間データ!$J:$J,中間データ!$D:$D,$A9,中間データ!$P:$P,">="&DATE(2025,8,1),中間データ!$P:$P,"<="&DATE(2025,10,31)),"")
A10: フロントエンドエンジニア実践研修(Vue.js) 初級編 | B10: =IFERROR(COUNTIFS(中間データ!$D:$D,$A10,中間データ!$P:$P,">="&DATE(2025,8,1),中間データ!$P:$P,"<="&DATE(2025,10,31)),"") -> 4 | C10: =IFERROR(AVERAGEIFS(中間データ!$F:$F,中間データ!$D:$D,$A10,中間データ!$P:$P,">="&DATE(2025,8,1),中間データ!$P:$P,"<="&DATE(2025,10,31)),"") -> 3.5 | D10: =IFERROR(AVERAGEIFS(中間データ!$H:$H,中間データ!$D:$D,$A10,中間データ!$P:$P,">="&DATE(2025,8,1),中間データ!$P:$P,"<="&DATE(2025,10,31)),"") -> 3.75 | E10: =IFERROR(AVERAGEIFS(中間データ!$G:$G,中間データ!$D:$D,$A10,中間データ!$P:$P,">="&DATE(2025,8,1),中間データ!$P:$P,"<="&DATE(2025,10,31)),"") -> 3.5 | F10: =IFERROR(AVERAGEIFS(中間データ!$K:$K,中間データ!$D:$D,$A10,中間データ!$P:$P,">="&DATE(2025,8,1),中間データ!$P:$P,"<="&DATE(2025,10,31)),"") -> 3.75 | G10: =IFERROR(AVERAGEIFS(中間データ!$J:$J,中間データ!$D:$D,$A10,中間データ!$P:$P,">="&DATE(2025,8,1),中間データ!$P:$P,"<="&DATE(2025,10,31)),"") -> 4
A11: フロントエンドエンジニア実践研修(Vue.js) 中級編 | B11: =IFERROR(COUNTIFS(中間データ!$D:$D,$A11,中間データ!$P:$P,">="&DATE(2025,8,1),中間データ!$P:$P,"<="&DATE(2025,10,31)),"") -> 1 | C11: =IFERROR(AVERAGEIFS(中間データ!$F:$F,中間データ!$D:$D,$A11,中間データ!$P:$P,">="&DATE(2025,8,1),中間データ!$P:$P,"<="&DATE(2025,10,31)),"") -> 2 | D11: =IFERROR(AVERAGEIFS(中間データ!$H:$H,中間データ!$D:$D,$A11,中間データ!$P:$P,">="&DATE(2025,8,1),中間データ!$P:$P,"<="&DATE(2025,10,31)),"") -> 1 | E11: =IFERROR(AVERAGEIFS(中間データ!$G:$G,中間データ!$D:$D,$A11,中間データ!$P:$P,">="&DATE(2025,8,1),中間データ!$P:$P,"<="&DATE(2025,10,31)),"") -> 4 | F11: =IFERROR(AVERAGEIFS(中間データ!$K:$K,中間データ!$D:$D,$A11,中間データ!$P:$P,">="&DATE(2025,8,1),中間データ!$P:$P,"<="&DATE(2025,10,31)),"") -> 1 | G11: =IFERROR(AVERAGEIFS(中間データ!$J:$J,中間データ!$D:$D,$A11,中間データ!$P:$P,">="&DATE(2025,8,1),中間データ!$P:$P,"<="&DATE(2025,10,31)),"") -> 3
A12: フロントエンドエンジニア実践研修(React) 初級編 | B12: =IFERROR(COUNTIFS(中間データ!$D:$D,$A12,中間データ!$P:$P,">="&DATE(2025,8,1),中間データ!$P:$P,"<="&DATE(2025,10,31)),"") -> 6 | C12: =IFERROR(AVERAGEIFS(中間データ!$F:$F,中間データ!$D:$D,$A12,中間データ!$P:$P,">="&DATE(2025,8,1),中間データ!$P:$P,"<="&DATE(2025,10,31)),"") -> 2.8333333 | D12: =IFERROR(AVERAGEIFS(中間データ!$H:$H,中間データ!$D:$D,$A12,中間データ!$P:$P,">="&DATE(2025,8,1),中間データ!$P:$P,"<="&DATE(2025,10,31)),"") -> 3.3333333 | E12: =IFERROR(AVERAGEIFS(中間データ!$G:$G,中間データ!$D:$D,$A12,中間データ!$P:$P,">="&DATE(2025,8,1),中間データ!$P:$P,"<="&DATE(2025,10,31)),"") -> 3.1666667 | F12: =IFERROR(AVERAGEIFS(中間データ!$K:$K,中間データ!$D:$D,$A12,中間データ!$P:$P,">="&DATE(2025,8,1),中間データ!$P:$P,"<="&DATE(2025,10,31)),"") -> 3 | G12: =IFERROR(AVERAGEIFS(中間データ!$J:$J,中間データ!$D:$D,$A12,中間データ!$P:$P,">="&DATE(2025,8,1),中間データ!$P:$P,"<="&DATE(2025,10,31)),"") -> 2.1666667
A13: フロントエンドエンジニア実践研修(React) 中級編 | B13: =IFERROR(COUNTIFS(中間データ!$D:$D,$A13,中間データ!$P:$P,">="&DATE(2025,8,1),中間データ!$P:$P,"<="&DATE(2025,10,31)),"") -> 12 | C13: =IFERROR(AVERAGEIFS(中間データ!$F:$F,中間データ!$D:$D,$A13,中間データ!$P:$P,">="&DATE(2025,8,1),中間データ!$P:$P,"<="&DATE(2025,10,31)),"") -> 3.5833333 | D13: =IFERROR(AVERAGEIFS(中間データ!$H:$H,中間データ!$D:$D,$A13,中間データ!$P:$P,">="&DATE(2025,8,1),中間データ!$P:$P,"<="&DATE(2025,10,31)),"") -> 3.5 | E13: =IFERROR(AVERAGEIFS(中間データ!$G:$G,中間データ!$D:$D,$A13,中間データ!$P:$P,">="&DATE(2025,8,1),中間データ!$P:$P,"<="&DATE(2025,10,31)),"") -> 3.5 | F13: =IFERROR(AVERAGEIFS(中間データ!$K:$K,中間データ!$D:$D,$A13,中間データ!$P:$P,">="&DATE(2025,8,1),中間データ!$P:$P,"<="&DATE(2025,10,31)),"") -> 3.1666667 | G13: =IFERROR(AVERAGEIFS(中間データ!$J:$J,中間データ!$D:$D,$A13,中間データ!$P:$P,">="&DATE(2025,8,1),中間データ!$P:$P,"<="&DATE(2025,10,31)),"") -> 3.0833333
A14: クラウドインフラエンジニア実践研修(GC) 初級編 | B14: =IFERROR(COUNTIFS(中間データ!$D:$D,$A14,中間データ!$P:$P,">="&DATE(2025,8,1),中間データ!$P:$P,"<="&DATE(2025,10,31)),"") -> 3 | C14: =IFERROR(AVERAGEIFS(中間データ!$F:$F,中間データ!$D:$D,$A14,中間データ!$P:$P,">="&DATE(2025,8,1),中間データ!$P:$P,"<="&DATE(2025,10,31)),"") -> 3 | D14: =IFERROR(AVERAGEIFS(中間データ!$H:$H,中間データ!$D:$D,$A14,中間データ!$P:$P,">="&DATE(2025,8,1),中間データ!$P:$P,"<="&DATE(2025,10,31)),"") -> 2.6666667 | E14: =IFERROR(AVERAGEIFS(中間データ!$G:$G,中間データ!$D:$D,$A14,中間データ!$P:$P,">="&DATE(2025,8,1),中間データ!$P:$P,"<="&DATE(2025,10,31)),"") -> 2.3333333 | F14: =IFERROR(AVERAGEIFS(中間データ!$K:$K,中間データ!$D:$D,$A14,中間データ!$P:$P,">="&DATE(2025,8,1),中間データ!$P:$P,"<="&DATE(2025,10,31)),"") -> 3 | G14: =IFERROR(AVERAGEIFS(中間データ!$J:$J,中間データ!$D:$D,$A14,中間データ!$P:$P,">="&DATE(2025,8,1),中間データ!$P:$P,"<="&DATE(2025,10,31)),"") -> 1.6666667
... A17: クラウドインフラエンジニア実践研修(AWS) 中級編 | B17: =IFERROR(COUNTIFS(中間データ!$D:$D,$A17,中間データ!$P:$P,">="&DATE(2025,8,1),中間データ!$P:$P,"<="&DATE(2025,10,31)),"") -> 10 | C17: =IFERROR(AVERAGEIFS(中間データ!$F:$F,中間データ!$D:$D,$A17,中間データ!$P:$P,">="&DATE(2025,8,1),中間データ!$P:$P,"<="&DATE(2025,10,31)),"") -> 3.3 | D17: =IFERROR(AVERAGEIFS(中間データ!$H:$H,中間データ!$D:$D,$A17,中間データ!$P:$P,">="&DATE(2025,8,1),中間データ!$P:$P,"<="&DATE(2025,10,31)),"") -> 3.6 | E17: =IFERROR(AVERAGEIFS(中間データ!$G:$G,中間データ!$D:$D,$A17,中間データ!$P:$P,">="&DATE(2025,8,1),中間データ!$P:$P,"<="&DATE(2025,10,31)),"") -> 3.6 | F17: =IFERROR(AVERAGEIFS(中間データ!$K:$K,中間データ!$D:$D,$A17,中間データ!$P:$P,">="&DATE(2025,8,1),中間データ!$P:$P,"<="&DATE(2025,10,31)),"") -> 3.1 | G17: =IFERROR(AVERAGEIFS(中間データ!$J:$J,中間データ!$D:$D,$A17,中間データ!$P:$P,">="&DATE(2025,8,1),中間データ!$P:$P,"<="&DATE(2025,10,31)),"") -> 2.5
C18: =IFERROR(AVERAGEIFS(中間データ!$F:$F, 中間データ!$D:$D, $A18), "") -> 0 | D18: =IFERROR(AVERAGEIFS(中間データ!$H:$H, 中間データ!$D:$D, $A18), "") -> 0 | E18: =IFERROR(AVERAGEIFS(中間データ!$G:$G, 中間データ!$D:$D, $A18), "") -> 0 | F18: =IFERROR(AVERAGEIFS(中間データ!$K:$K, 中間データ!$D:$D, $A18), "") -> 0 | G18: =IFERROR(AVERAGEIFS(中間データ!$J:$J, 中間データ!$D:$D, $A18), "") -> 0
C19: =IFERROR(AVERAGEIFS(中間データ!$F:$F, 中間データ!$D:$D, $A19), "") -> 0 | D19: =IFERROR(AVERAGEIFS(中間データ!$H:$H, 中間データ!$D:$D, $A19), "") -> 0 | E19: =IFERROR(AVERAGEIFS(中間データ!$G:$G, 中間データ!$D:$D, $A19), "") -> 0 | F19: =IFERROR(AVERAGEIFS(中間データ!$K:$K, 中間データ!$D:$D, $A19), "") -> 0 | G19: =IFERROR(AVERAGEIFS(中間データ!$J:$J, 中間データ!$D:$D, $A19), "") -> 0
C20: =IFERROR(AVERAGEIFS(中間データ!$F:$F, 中間データ!$D:$D, $A20), "") -> 0 | D20: =IFERROR(AVERAGEIFS(中間データ!$H:$H, 中間データ!$D:$D, $A20), "") -> 0 | E20: =IFERROR(AVERAGEIFS(中間データ!$G:$G, 中間データ!$D:$D, $A20), "") -> 0 | F20: =IFERROR(AVERAGEIFS(中間データ!$K:$K, 中間データ!$D:$D, $A20), "") -> 0 | G20: =IFERROR(AVERAGEIFS(中間データ!$J:$J, 中間データ!$D:$D, $A20), "") -> 0
C21: =IFERROR(AVERAGEIFS(中間データ!$F:$F, 中間データ!$D:$D, $A21), "") -> 0 | D21: =IFERROR(AVERAGEIFS(中間データ!$H:$H, 中間データ!$D:$D, $A21), "") -> 0 | E21: =IFERROR(AVERAGEIFS(中間データ!$G:$G, 中間データ!$D:$D, $A21), "") -> 0 | F21: =IFERROR(AVERAGEIFS(中間データ!$K:$K, 中間データ!$D:$D, $A21), "") -> 0 | G21: =IFERROR(AVERAGEIFS(中間データ!$J:$J, 中間データ!$D:$D, $A21), "") -> 0
C22: =IFERROR(AVERAGEIFS(中間データ!$F:$F, 中間データ!$D:$D, $A22), "") -> 0 | D22: =IFERROR(AVERAGEIFS(中間データ!$H:$H, 中間データ!$D:$D, $A22), "") -> 0 | E22: =IFERROR(AVERAGEIFS(中間データ!$G:$G, 中間データ!$D:$D, $A22), "") -> 0 | F22: =IFERROR(AVERAGEIFS(中間データ!$K:$K, 中間データ!$D:$D, $A22), "") -> 0 | G22: =IFERROR(AVERAGEIFS(中間データ!$J:$J, 中間データ!$D:$D, $A22), "") -> 0
C23: =IFERROR(AVERAGEIFS(中間データ!$F:$F, 中間データ!$D:$D, $A23), "") -> 0 | D23: =IFERROR(AVERAGEIFS(中間データ!$H:$H, 中間データ!$D:$D, $A23), "") -> 0 | E23: =IFERROR(AVERAGEIFS(中間データ!$G:$G, 中間データ!$D:$D, $A23), "") -> 0 | F23: =IFERROR(AVERAGEIFS(中間データ!$K:$K, 中間データ!$D:$D, $A23), "") -> 0 | G23: =IFERROR(AVERAGEIFS(中間データ!$J:$J, 中間データ!$D:$D, $A23), "") -> 0

Sheet 2025年度第2期_アンケート集計
A1: 基本情報 | C1: アンケート集計
A2: コース名 | B2: 回答者数 | C2: 研修満足度 | D2: 研修必要度 | E2: 研修理解度 | F2: 講師評価 | G2: 教材評価
A3: プロジェクトマネージャー実践研修 | B3: =IFERROR(COUNTIFS(中間データ!$D:$D,$A3,中間データ!$P:$P,">="&DATE(2025,11,1),中間データ!$P:$P,"<="&DATE(2026,1,31)),"") -> 0 | C3: =IFERROR(AVERAGEIFS(中間データ!$F:$F,中間データ!$D:$D,$A3,中間データ!$P:$P,">="&DATE(2025,11,1),中間データ!$P:$P,"<="&DATE(2026,1,31)),"") | D3: =IFERROR(AVERAGEIFS(中間データ!$H:$H,中間データ!$D:$D,$A3,中間データ!$P:$P,">="&DATE(2025,11,1),中間データ!$P:$P,"<="&DATE(2026,1,31)),"") | E3: =IFERROR(AVERAGEIFS(中間データ!$G:$G,中間データ!$D:$D,$A3,中間データ!$P:$P,">="&DATE(2025,11,1),中間データ!$P:$P,"<="&DATE(2026,1,31)),"") | F3: =IFERROR(AVERAGEIFS(中間データ!$K:$K,中間データ!$D:$D,$A3,中間データ!$P:$P,">="&DATE(2025,11,1),中間データ!$P:$P,"<="&DATE(2026,1,31)),"") | G3: =IFERROR(AVERAGEIFS(中間データ!$J:$J,中間データ!$D:$D,$A3,中間データ!$P:$P,">="&DATE(2025,11,1),中間データ!$P:$P,"<="&DATE(2026,1,31)),"")
A4: システムエンジニア実践研修 | B4: =IFERROR(COUNTIFS(中間データ!$D:$D,$A4,中間データ!$P:$P,">="&DATE(2025,11,1),中間データ!$P:$P,"<="&DATE(2026,1,31)),"") -> 0 | C4: =IFERROR(AVERAGEIFS(中間データ!$F:$F,中間データ!$D:$D,$A4,中間データ!$P:$P,">="&DATE(2025,11,1),中間データ!$P:$P,"<="&DATE(2026,1,31)),"") | D4: =IFERROR(AVERAGEIFS(中間データ!$H:$H,中間データ!$D:$D,$A4,中間データ!$P:$P,">="&DATE(2025,11,1),中間データ!$P:$P,"<="&DATE(2026,1,31)),"") | E4: =IFERROR(AVERAGEIFS(中間データ!$G:$G,中間データ!$D:$D,$A4,中間データ!$P:$P,">="&DATE(2025,11,1),中間データ!$P:$P,"<="&DATE(2026,1,31)),"") | F4: =IFERROR(AVERAGEIFS(中間データ!$K:$K,中間データ!$D:$D,$A4,中間データ!$P:$P,">="&DATE(2025,11,1),中間データ!$P:$P,"<="&DATE(2026,1,31)),"") | G4: =IFERROR(AVERAGEIFS(中間データ!$J:$J,中間データ!$D:$D,$A4,中間データ!$P:$P,">="&DATE(2025,11,1),中間データ!$P:$P,"<="&DATE(2026,1,31)),"")
A5: スマホアプリエンジニア実践研修 初級編 | B5: =IFERROR(COUNTIFS(中間データ!$D:$D,$A5,中間データ!$P:$P,">="&DATE(2025,11,1),中間データ!$P:$P,"<="&DATE(2026,1,31)),"") -> 1 | C5: =IFERROR(AVERAGEIFS(中間データ!$F:$F,中間データ!$D:$D,$A5,中間データ!$P:$P,">="&DATE(2025,11,1),中間データ!$P:$P,"<="&DATE(2026,1,31)),"") -> 4 | D5: =IFERROR(AVERAGEIFS(中間データ!$H:$H,中間データ!$D:$D,$A5,中間データ!$P:$P,">="&DATE(2025,11,1),中間データ!$P:$P,"<="&DATE(2026,1,31)),"") -> 4 | E5: =IFERROR(AVERAGEIFS(中間データ!$G:$G,中間データ!$D:$D,$A5,中間データ!$P:$P,">="&DATE(2025,11,1),中間データ!$P:$P,"<="&DATE(2026,1,31)),"") -> 3 | F5: =IFERROR(AVERAGEIFS(中間データ!$K:$K,中間データ!$D:$D,$A5,中間データ!$P:$P,">="&DATE(2025,11,1),中間データ!$P:$P,"<="&DATE(2026,1,31)),"") -> 4 | G5: =IFERROR(AVERAGEIFS(中間データ!$J:$J,中間データ!$D:$D,$A5,中間データ!$P:$P,">="&DATE(2025,11,1),中間データ!$P:$P,"<="&DATE(2026,1,31)),"") -> 4
A6: スマホアプリエンジニア実践研修 中級編 | B6: =IFERROR(COUNTIFS(中間データ!$D:$D,$A6,中間データ!$P:$P,">="&DATE(2025,11,1),中間データ!$P:$P,"<="&DATE(2026,1,31)),"") -> 0 | C6: =IFERROR(AVERAGEIFS(中間データ!$F:$F,中間データ!$D:$D,$A6,中間データ!$P:$P,">="&DATE(2025,11,1),中間データ!$P:$P,"<="&DATE(2026,1,31)),"") | D6: =IFERROR(AVERAGEIFS(中間データ!$H:$H,中間データ!$D:$D,$A6,中間データ!$P:$P,">="&DATE(2025,11,1),中間データ!$P:$P,"<="&DATE(2026,1,31)),"") | E6: =IFERROR(AVERAGEIFS(中間データ!$G:$G,中間データ!$D:$D,$A6,中間データ!$P:$P,">="&DATE(2025,11,1),中間データ!$P:$P,"<="&DATE(2026,1,31)),"") | F6: =IFERROR(AVERAGEIFS(中間データ!$K:$K,中間データ!$D:$D,$A6,中間データ!$P:$P,">="&DATE(2025,11,1),中間データ!$P:$P,"<="&DATE(2026,1,31)),"") | G6: =IFERROR(AVERAGEIFS(中間データ!$J:$J,中間データ!$D:$D,$A6,中間データ!$P:$P,">="&DATE(2025,11,1),中間データ!$P:$P,"<="&DATE(2026,1,31)),"")
A7: バックエンドエンジニア実践研修(Python) 初級編 | B7: =IFERROR(COUNTIFS(中間データ!$D:$D,$A7,中間データ!$P:$P,">="&DATE(2025,11,1),中間データ!$P:$P,"<="&DATE(2026,1,31)),"") -> 1 | C7: =IFERROR(AVERAGEIFS(中間データ!$F:$F,中間データ!$D:$D,$A7,中間データ!$P:$P,">="&DATE(2025,11,1),中間データ!$P:$P,"<="&DATE(2026,1,31)),"") -> 3 | D7: =IFERROR(AVERAGEIFS(中間データ!$H:$H,中間データ!$D:$D,$A7,中間データ!$P:$P,">="&DATE(2025,11,1),中間データ!$P:$P,"<="&DATE(2026,1,31)),"") -> 3 | E7: =IFERROR(AVERAGEIFS(中間データ!$G:$G,中間データ!$D:$D,$A7,中間データ!$P:$P,">="&DATE(2025,11,1),中間データ!$P:$P,"<="&DATE(2026,1,31)),"") -> 2 | F7: =IFERROR(AVERAGEIFS(中間データ!$K:$K,中間データ!$D:$D,$A7,中間データ!$P:$P,">="&DATE(2025,11,1),中間データ!$P:$P,"<="&DATE(2026,1,31)),"") -> 4 | G7: =IFERROR(AVERAGEIFS(中間データ!$J:$J,中間データ!$D:$D,$A7,中間データ!$P:$P,">="&DATE(2025,11,1),中間データ!$P:$P,"<="&DATE(2026,1,31)),"") -> 3
A8: バックエンドエンジニア実践研修(Python) 中級編 | B8: =IFERROR(COUNTIFS(中間データ!$D:$D,$A8,中間データ!$P:$P,">="&DATE(2025,11,1),中間データ!$P:$P,"<="&DATE(2026,1,31)),"") -> 0 | C8: =IFERROR(AVERAGEIFS(中間データ!$F:$F,中間データ!$D:$D,$A8,中間データ!$P:$P,">="&DATE(2025,11,1),中間データ!$P:$P,"<="&DATE(2026,1,31)),"") | D8: =IFERROR(AVERAGEIFS(中間データ!$H:$H,中間データ!$D:$D,$A8,中間データ!$P:$P,">="&DATE(2025,11,1),中間データ!$P:$P,"<="&DATE(2026,1,31)),"") | E8: =IFERROR(AVERAGEIFS(中間データ!$G:$G,中間データ!$D:$D,$A8,中間データ!$P:$P,">="&DATE(2025,11,1),中間データ!$P:$P,"<="&DATE(2026,1,31)),"") | F8: =IFERROR(AVERAGEIFS(中間データ!$K:$K,中間データ!$D:$D,$A8,中間データ!$P:$P,">="&DATE(2025,11,1),中間データ!$P:$P,"<="&DATE(2026,1,31)),"") | G8: =IFERROR(AVERAGEIFS(中間データ!$J:$J,中間データ!$D:$D,$A8,中間データ!$P:$P,">="&DATE(2025,11,1),中間データ!$P:$P,"<="&DATE(2026,1,31)),"")
A9: バックエンドエンジニア実践研修(PHP) 初級編 | B9: =IFERROR(COUNTIFS(中間データ!$D:$D,$A9,中間データ!$P:$P,">="&DATE(2025,11,1),中間データ!$P:$P,"<="&DATE(2026,1,31)),"") -> 1 | C9: =IFERROR(AVERAGEIFS(中間データ!$F:$F,中間データ!$D:$D,$A9,中間データ!$P:$P,">="&DATE(2025,11,1),中間データ!$P:$P,"<="&DATE(2026,1,31)),"") -> 4 | D9: =IFERROR(AVERAGEIFS(中間データ!$H:$H,中間データ!$D:$D,$A9,中間データ!$P:$P,">="&DATE(2025,11,1),中間データ!$P:$P,"<="&DATE(2026,1,31)),"") -> 4 | E9: =IFERROR(AVERAGEIFS(中間データ!$G:$G,中間データ!$D:$D,$A9,中間データ!$P:$P,">="&DATE(2025,11,1),中間データ!$P:$P,"<="&DATE(2026,1,31)),"") -> 3 | F9: =IFERROR(AVERAGEIFS(中間データ!$K:$K,中間データ!$D:$D,$A9,中間データ!$P:$P,">="&DATE(2025,11,1),中間データ!$P:$P,"<="&DATE(2026,1,31)),"") -> 4 | G9: =IFERROR(AVERAGEIFS(中間データ!$J:$J,中間データ!$D:$D,$A9,中間データ!$P:$P,">="&DATE(2025,11,1),中間データ!$P:$P,"<="&DATE(2026,1,31)),"") -> 4
A10: バックエンドエンジニア実践研修(PHP) 中級編 | B10: =IFERROR(COUNTIFS(中間データ!$D:$D,$A10,中間データ!$P:$P,">="&DATE(2025,11,1),中間データ!$P:$P,"<="&DATE(2026,1,31)),"") -> 1 | C10: =IFERROR(AVERAGEIFS(中間データ!$F:$F,中間データ!$D:$D,$A10,中間データ!$P:$P,">="&DATE(2025,11,1),中間データ!$P:$P,"<="&DATE(2026,1,31)),"") -> 3 | D10: =IFERROR(AVERAGEIFS(中間データ!$H:$H,中間データ!$D:$D,$A10,中間データ!$P:$P,">="&DATE(2025,11,1),中間データ!$P:$P,"<="&DATE(2026,1,31)),"") -> 3 | E10: =IFERROR(AVERAGEIFS(中間データ!$G:$G,中間データ!$D:$D,$A10,中間データ!$P:$P,">="&DATE(2025,11,1),中間データ!$P:$P,"<="&DATE(2026,1,31)),"") -> 4 | F10: =IFERROR(AVERAGEIFS(中間データ!$K:$K,中間データ!$D:$D,$A10,中間データ!$P:$P,">="&DATE(2025,11,1),中間データ!$P:$P,"<="&DATE(2026,1,31)),"") -> 4 | G10: =IFERROR(AVERAGEIFS(中間データ!$J:$J,中間データ!$D:$D,$A10,中間データ!$P:$P,">="&DATE(2025,11,1),中間データ!$P:$P,"<="&DATE(2026,1,31)),"") -> 3
A11: フロントエンドエンジニア実践研修(Vue.js) 初級編 | B11: =IFERROR(COUNTIFS(中間データ!$D:$D,$A11,中間データ!$P:$P,">="&DATE(2025,11,1),中間データ!$P:$P,"<="&DATE(2026,1,31)),"") -> 1 | C11: =IFERROR(AVERAGEIFS(中間データ!$F:$F,中間データ!$D:$D,$A11,中間データ!$P:$P,">="&DATE(2025,11,1),中間データ!$P:$P,"<="&DATE(2026,1,31)),"") -> 3 | D11: =IFERROR(AVERAGEIFS(中間データ!$H:$H,中間データ!$D:$D,$A11,中間データ!$P:$P,">="&DATE(2025,11,1),中間データ!$P:$P,"<="&DATE(2026,1,31)),"") -> 4 | E11: =IFERROR(AVERAGEIFS(中間データ!$G:$G,中間データ!$D:$D,$A11,中間データ!$P:$P,">="&DATE(2025,11,1),中間データ!$P:$P,"<="&DATE(2026,1,31)),"") -> 3 | F11: =IFERROR(AVERAGEIFS(中間データ!$K:$K,中間データ!$D:$D,$A11,中間データ!$P:$P,">="&DATE(2025,11,1),中間データ!$P:$P,"<="&DATE(2026,1,31)),"") -> 4 | G11: =IFERROR(AVERAGEIFS(中間データ!$J:$J,中間データ!$D:$D,$A11,中間データ!$P:$P,">="&DATE(2025,11,1),中間データ!$P:$P,"<="&DATE(2026,1,31)),"") -> 3
A12: フロントエンドエンジニア実践研修(Vue.js) 中級編 | B12: =IFERROR(COUNTIFS(中間データ!$D:$D,$A12,中間データ!$P:$P,">="&DATE(2025,11,1),中間データ!$P:$P,"<="&DATE(2026,1,31)),"") -> 1 | C12: =IFERROR(AVERAGEIFS(中間データ!$F:$F,中間データ!$D:$D,$A12,中間データ!$P:$P,">="&DATE(2025,11,1),中間データ!$P:$P,"<="&DATE(2026,1,31)),"") -> 3 | D12: =IFERROR(AVERAGEIFS(中間データ!$H:$H,中間データ!$D:$D,$A12,中間データ!$P:$P,">="&DATE(2025,11,1),中間データ!$P:$P,"<="&DATE(2026,1,31)),"") -> 4 | E12: =IFERROR(AVERAGEIFS(中間データ!$G:$G,中間データ!$D:$D,$A12,中間データ!$P:$P,">="&DATE(2025,11,1),中間データ!$P:$P,"<="&DATE(2026,1,31)),"") -> 3 | F12: =IFERROR(AVERAGEIFS(中間データ!$K:$K,中間データ!$D:$D,$A12,中間データ!$P:$P,">="&DATE(2025,11,1),中間データ!$P:$P,"<="&DATE(2026,1,31)),"") -> 4 | G12: =IFERROR(AVERAGEIFS(中間データ!$J:$J,中間データ!$D:$D,$A12,中間データ!$P:$P,">="&DATE(2025,11,1),中間データ!$P:$P,"<="&DATE(2026,1,31)),"") -> 3
A13: フロントエンドエンジニア実践研修(React) 初級編 | B13: =IFERROR(COUNTIFS(中間データ!$D:$D,$A13,中間データ!$P:$P,">="&DATE(2025,11,1),中間データ!$P:$P,"<="&DATE(2026,1,31)),"") -> 3 | C13: =IFERROR(AVERAGEIFS(中間データ!$F:$F,中間データ!$D:$D,$A13,中間データ!$P:$P,">="&DATE(2025,11,1),中間データ!$P:$P,"<="&DATE(2026,1,31)),"") -> 3.6666667 | D13: =IFERROR(AVERAGEIFS(中間データ!$H:$H,中間データ!$D:$D,$A13,中間データ!$P:$P,">="&DATE(2025,11,1),中間データ!$P:$P,"<="&DATE(2026,1,31)),"") -> 3.6666667 | E13: =IFERROR(AVERAGEIFS(中間データ!$G:$G,中間データ!$D:$D,$A13,中間データ!$P:$P,">="&DATE(2025,11,1),中間データ!$P:$P,"<="&DATE(2026,1,31)),"") -> 3.6666667 | F13: =IFERROR(AVERAGEIFS(中間データ!$K:$K,中間データ!$D:$D,$A13,中間データ!$P:$P,">="&DATE(2025,11,1),中間データ!$P:$P,"<="&DATE(2026,1,31)),"") -> 3.6666667 | G13: =IFERROR(AVERAGEIFS(中間データ!$J:$J,中間データ!$D:$D,$A13,中間データ!$P:$P,">="&DATE(2025,11,1),中間データ!$P:$P,"<="&DATE(2026,1,31)),"") -> 3.6666667
A14: フロントエンドエンジニア実践研修(React) 中級編 | B14: =IFERROR(COUNTIFS(中間データ!$D:$D,$A14,中間データ!$P:$P,">="&DATE(2025,11,1),中間データ!$P:$P,"<="&DATE(2026,1,31)),"") -> 6 | C14: =IFERROR(AVERAGEIFS(中間データ!$F:$F,中間データ!$D:$D,$A14,中間データ!$P:$P,">="&DATE(2025,11,1),中間データ!$P:$P,"<="&DATE(2026,1,31)),"") -> 3.6666667 | D14: =IFERROR(AVERAGEIFS(中間データ!$H:$H,中間データ!$D:$D,$A14,中間データ!$P:$P,">="&DATE(2025,11,1),中間データ!$P:$P,"<="&DATE(2026,1,31)),"") -> 3.8333333 | E14: =IFERROR(AVERAGEIFS(中間データ!$G:$G,中間データ!$D:$D,$A14,中間データ!$P:$P,">="&DATE(2025,11,1),中間データ!$P:$P,"<="&DATE(2026,1,31)),"") -> 3.1666667 | F14: =IFERROR(AVERAGEIFS(中間データ!$K:$K,中間データ!$D:$D,$A14,中間データ!$P:$P,">="&DATE(2025,11,1),中間データ!$P:$P,"<="&DATE(2026,1,31)),"") -> 3.8333333 | G14: =IFERROR(AVERAGEIFS(中間データ!$J:$J,中間データ!$D:$D,$A14,中間データ!$P:$P,">="&DATE(2025,11,1),中間データ!$P:$P,"<="&DATE(2026,1,31)),"") -> 3.5
... A18: クラウドインフラエンジニア実践研修(AWS) 中級編 | B18: =IFERROR(COUNTIFS(中間データ!$D:$D,$A18,中間データ!$P:$P,">="&DATE(2025,11,1),中間データ!$P:$P,"<="&DATE(2026,1,31)),"") -> 7 | C18: =IFERROR(AVERAGEIFS(中間データ!$F:$F,中間データ!$D:$D,$A18,中間データ!$P:$P,">="&DATE(2025,11,1),中間データ!$P:$P,"<="&DATE(2026,1,31)),"") -> 3.4285714 | D18: =IFERROR(AVERAGEIFS(中間データ!$H:$H,中間データ!$D:$D,$A18,中間データ!$P:$P,">="&DATE(2025,11,1),中間データ!$P:$P,"<="&DATE(2026,1,31)),"") -> 3.4285714 | E18: =IFERROR(AVERAGEIFS(中間データ!$G:$G,中間データ!$D:$D,$A18,中間データ!$P:$P,">="&DATE(2025,11,1),中間データ!$P:$P,"<="&DATE(2026,1,31)),"") -> 3.5714286 | F18: =IFERROR(AVERAGEIFS(中間データ!$K:$K,中間データ!$D:$D,$A18,中間データ!$P:$P,">="&DATE(2025,11,1),中間データ!$P:$P,"<="&DATE(2026,1,31)),"") -> 3.2857143 | G18: =IFERROR(AVERAGEIFS(中間データ!$J:$J,中間データ!$D:$D,$A18,中間データ!$P:$P,">="&DATE(2025,11,1),中間データ!$P:$P,"<="&DATE(2026,1,31)),"") -> 3.1428571
C19: =IFERROR(AVERAGEIFS(中間データ!$F:$F, 中間データ!$D:$D, $A19), "") -> 0 | D19: =IFERROR(AVERAGEIFS(中間データ!$H:$H, 中間データ!$D:$D, $A19), "") -> 0 | E19: =IFERROR(AVERAGEIFS(中間データ!$G:$G, 中間データ!$D:$D, $A19), "") -> 0 | F19: =IFERROR(AVERAGEIFS(中間データ!$K:$K,中間データ!$D:$D,$A19,中間データ!$P:$P,">="&DATE(2025,11,1),中間データ!$P:$P,"<="&DATE(2026,1,31)),"") | G19: =IFERROR(AVERAGEIFS(中間データ!$J:$J, 中間データ!$D:$D, $A19), "") -> 0
C20: =IFERROR(AVERAGEIFS(中間データ!$F:$F, 中間データ!$D:$D, $A20), "") -> 0 | D20: =IFERROR(AVERAGEIFS(中間データ!$H:$H, 中間データ!$D:$D, $A20), "") -> 0 | E20: =IFERROR(AVERAGEIFS(中間データ!$G:$G, 中間データ!$D:$D, $A20), "") -> 0 | F20: =IFERROR(AVERAGEIFS(中間データ!$K:$K, 中間データ!$D:$D, $A20), "") -> 0 | G20: =IFERROR(AVERAGEIFS(中間データ!$J:$J, 中間データ!$D:$D, $A20), "") -> 0
C21: =IFERROR(AVERAGEIFS(中間データ!$F:$F, 中間データ!$D:$D, $A21), "") -> 0 | D21: =IFERROR(AVERAGEIFS(中間データ!$H:$H, 中間データ!$D:$D, $A21), "") -> 0 | E21: =IFERROR(AVERAGEIFS(中間データ!$G:$G, 中間データ!$D:$D, $A21), "") -> 0 | F21: =IFERROR(AVERAGEIFS(中間データ!$K:$K, 中間データ!$D:$D, $A21), "") -> 0 | G21: =IFERROR(AVERAGEIFS(中間データ!$J:$J, 中間データ!$D:$D, $A21), "") -> 0
C22: =IFERROR(AVERAGEIFS(中間データ!$F:$F, 中間データ!$D:$D, $A22), "") -> 0 | D22: =IFERROR(AVERAGEIFS(中間データ!$H:$H, 中間データ!$D:$D, $A22), "") -> 0 | E22: =IFERROR(AVERAGEIFS(中間データ!$G:$G, 中間データ!$D:$D, $A22), "") -> 0 | F22: =IFERROR(AVERAGEIFS(中間データ!$K:$K, 中間データ!$D:$D, $A22), "") -> 0 | G22: =IFERROR(AVERAGEIFS(中間データ!$J:$J, 中間データ!$D:$D, $A22), "") -> 0
C23: =IFERROR(AVERAGEIFS(中間データ!$F:$F, 中間データ!$D:$D, $A23), "") -> 0 | D23: =IFERROR(AVERAGEIFS(中間データ!$H:$H, 中間データ!$D:$D, $A23), "") -> 0 | E23: =IFERROR(AVERAGEIFS(中間データ!$G:$G, 中間データ!$D:$D, $A23), "") -> 0 | F23: =IFERROR(AVERAGEIFS(中間データ!$K:$K, 中間データ!$D:$D, $A23), "") -> 0 | G23: =IFERROR(AVERAGEIFS(中間データ!$J:$J, 中間データ!$D:$D, $A23), "") -> 0
C24: =IFERROR(AVERAGEIFS(中間データ!$F:$F, 中間データ!$D:$D, $A24), "") -> 0 | D24: =IFERROR(AVERAGEIFS(中間データ!$H:$H, 中間データ!$D:$D, $A24), "") -> 0 | E24: =IFERROR(AVERAGEIFS(中間データ!$G:$G, 中間データ!$D:$D, $A24), "") -> 0 | F24: =IFERROR(AVERAGEIFS(中間データ!$K:$K, 中間データ!$D:$D, $A24), "") -> 0 | G24: =IFERROR(AVERAGEIFS(中間データ!$J:$J, 中間データ!$D:$D, $A24), "") -> 0

Sheet 2025年度第3期_アンケート集計
A1: 基本情報 | C1: アンケート集計
A2: コース名 | B2: 回答者数 | C2: 研修満足度 | D2: 研修必要度 | E2: 研修理解度 | F2: 講師評価 | G2: 教材評価
A3: プロジェクトマネージャー実践研修 | B3: =IFERROR(COUNTIFS(中間データ!$D:$D,$A3,中間データ!$P:$P,">="&DATE(2026,2,1),中間データ!$P:$P,"<="&DATE(2026,4,30)),"") -> 9 | C3: =IFERROR(AVERAGEIFS(中間データ!$F:$F,中間データ!$D:$D,$A3,中間データ!$P:$P,">="&DATE(2026,2,1),中間データ!$P:$P,"<="&DATE(2026,4,30)),"") -> 3.8888889 | D3: =IFERROR(AVERAGEIFS(中間データ!$H:$H,中間データ!$D:$D,$A3,中間データ!$P:$P,">="&DATE(2026,2,1),中間データ!$P:$P,"<="&DATE(2026,4,30)),"") -> 4 | E3: =IFERROR(AVERAGEIFS(中間データ!$G:$G,中間データ!$D:$D,$A3,中間データ!$P:$P,">="&DATE(2026,2,1),中間データ!$P:$P,"<="&DATE(2026,4,30)),"") -> 3.8888889 | F3: =IFERROR(AVERAGEIFS(中間データ!$K:$K,中間データ!$D:$D,$A3,中間データ!$P:$P,">="&DATE(2026,2,1),中間データ!$P:$P,"<="&DATE(2026,4,30)),"") -> 3.8888889 | G3: =IFERROR(AVERAGEIFS(中間データ!$J:$J,中間データ!$D:$D,$A3,中間データ!$P:$P,">="&DATE(2026,2,1),中間データ!$P:$P,"<="&DATE(2026,4,30)),"") -> 3.6666667
A4: システムエンジニア実践研修 | B4: =IFERROR(COUNTIFS(中間データ!$D:$D,$A4,中間データ!$P:$P,">="&DATE(2026,2,1),中間データ!$P:$P,"<="&DATE(2026,4,30)),"") -> 0 | C4: =IFERROR(AVERAGEIFS(中間データ!$F:$F,中間データ!$D:$D,$A4,中間データ!$P:$P,">="&DATE(2026,2,1),中間データ!$P:$P,"<="&DATE(2026,4,30)),"") | D4: =IFERROR(AVERAGEIFS(中間データ!$H:$H,中間データ!$D:$D,$A4,中間データ!$P:$P,">="&DATE(2026,2,1),中間データ!$P:$P,"<="&DATE(2026,4,30)),"") | E4: =IFERROR(AVERAGEIFS(中間データ!$G:$G,中間データ!$D:$D,$A4,中間データ!$P:$P,">="&DATE(2026,2,1),中間データ!$P:$P,"<="&DATE(2026,4,30)),"") | F4: =IFERROR(AVERAGEIFS(中間データ!$K:$K,中間データ!$D:$D,$A4,中間データ!$P:$P,">="&DATE(2026,2,1),中間データ!$P:$P,"<="&DATE(2026,4,30)),"") | G4: =IFERROR(AVERAGEIFS(中間データ!$J:$J,中間データ!$D:$D,$A4,中間データ!$P:$P,">="&DATE(2026,2,1),中間データ!$P:$P,"<="&DATE(2026,4,30)),"")
A5: スマホアプリエンジニア実践研修 初級編 | B5: =IFERROR(COUNTIFS(中間データ!$D:$D,$A5,中間データ!$P:$P,">="&DATE(2026,2,1),中間データ!$P:$P,"<="&DATE(2026,4,30)),"") -> 0 | C5: =IFERROR(AVERAGEIFS(中間データ!$F:$F,中間データ!$D:$D,$A5,中間データ!$P:$P,">="&DATE(2026,2,1),中間データ!$P:$P,"<="&DATE(2026,4,30)),"") | D5: =IFERROR(AVERAGEIFS(中間データ!$H:$H,中間データ!$D:$D,$A5,中間データ!$P:$P,">="&DATE(2026,2,1),中間データ!$P:$P,"<="&DATE(2026,4,30)),"") | E5: =IFERROR(AVERAGEIFS(中間データ!$G:$G,中間データ!$D:$D,$A5,中間データ!$P:$P,">="&DATE(2026,2,1),中間データ!$P:$P,"<="&DATE(2026,4,30)),"") | F5: =IFERROR(AVERAGEIFS(中間データ!$K:$K,中間データ!$D:$D,$A5,中間データ!$P:$P,">="&DATE(2026,2,1),中間データ!$P:$P,"<="&DATE(2026,4,30)),"") | G5: =IFERROR(AVERAGEIFS(中間データ!$J:$J,中間データ!$D:$D,$A5,中間データ!$P:$P,">="&DATE(2026,2,1),中間データ!$P:$P,"<="&DATE(2026,4,30)),"")
A6: スマホアプリエンジニア実践研修 中級編 | B6: =IFERROR(COUNTIFS(中間データ!$D:$D,$A6,中間データ!$P:$P,">="&DATE(2026,2,1),中間データ!$P:$P,"<="&DATE(2026,4,30)),"") -> 0 | C6: =IFERROR(AVERAGEIFS(中間データ!$F:$F,中間データ!$D:$D,$A6,中間データ!$P:$P,">="&DATE(2026,2,1),中間データ!$P:$P,"<="&DATE(2026,4,30)),"") | D6: =IFERROR(AVERAGEIFS(中間データ!$H:$H,中間データ!$D:$D,$A6,中間データ!$P:$P,">="&DATE(2026,2,1),中間データ!$P:$P,"<="&DATE(2026,4,30)),"") | E6: =IFERROR(AVERAGEIFS(中間データ!$G:$G,中間データ!$D:$D,$A6,中間データ!$P:$P,">="&DATE(2026,2,1),中間データ!$P:$P,"<="&DATE(2026,4,30)),"") | F6: =IFERROR(AVERAGEIFS(中間データ!$K:$K,中間データ!$D:$D,$A6,中間データ!$P:$P,">="&DATE(2026,2,1),中間データ!$P:$P,"<="&DATE(2026,4,30)),"") | G6: =IFERROR(AVERAGEIFS(中間データ!$J:$J,中間データ!$D:$D,$A6,中間データ!$P:$P,">="&DATE(2026,2,1),中間データ!$P:$P,"<="&DATE(2026,4,30)),"")
A7: バックエンドエンジニア実践研修(Python) 初級編 | B7: =IFERROR(COUNTIFS(中間データ!$D:$D,$A7,中間データ!$P:$P,">="&DATE(2026,2,1),中間データ!$P:$P,"<="&DATE(2026,4,30)),"") -> 0 | C7: =IFERROR(AVERAGEIFS(中間データ!$F:$F,中間データ!$D:$D,$A7,中間データ!$P:$P,">="&DATE(2026,2,1),中間データ!$P:$P,"<="&DATE(2026,4,30)),"") | D7: =IFERROR(AVERAGEIFS(中間データ!$H:$H,中間データ!$D:$D,$A7,中間データ!$P:$P,">="&DATE(2026,2,1),中間データ!$P:$P,"<="&DATE(2026,4,30)),"") | E7: =IFERROR(AVERAGEIFS(中間データ!$G:$G,中間データ!$D:$D,$A7,中間データ!$P:$P,">="&DATE(2026,2,1),中間データ!$P:$P,"<="&DATE(2026,4,30)),"") | F7: =IFERROR(AVERAGEIFS(中間データ!$K:$K,中間データ!$D:$D,$A7,中間データ!$P:$P,">="&DATE(2026,2,1),中間データ!$P:$P,"<="&DATE(2026,4,30)),"") | G7: =IFERROR(AVERAGEIFS(中間データ!$J:$J,中間データ!$D:$D,$A7,中間データ!$P:$P,">="&DATE(2026,2,1),中間データ!$P:$P,"<="&DATE(2026,4,30)),"")
A8: バックエンドエンジニア実践研修(Python) 中級編 | B8: =IFERROR(COUNTIFS(中間データ!$D:$D,$A8,中間データ!$P:$P,">="&DATE(2026,2,1),中間データ!$P:$P,"<="&DATE(2026,4,30)),"") -> 0 | C8: =IFERROR(AVERAGEIFS(中間データ!$F:$F,中間データ!$D:$D,$A8,中間データ!$P:$P,">="&DATE(2026,2,1),中間データ!$P:$P,"<="&DATE(2026,4,30)),"") | D8: =IFERROR(AVERAGEIFS(中間データ!$H:$H,中間データ!$D:$D,$A8,中間データ!$P:$P,">="&DATE(2026,2,1),中間データ!$P:$P,"<="&DATE(2026,4,30)),"") | E8: =IFERROR(AVERAGEIFS(中間データ!$G:$G,中間データ!$D:$D,$A8,中間データ!$P:$P,">="&DATE(2026,2,1),中間データ!$P:$P,"<="&DATE(2026,4,30)),"") | F8: =IFERROR(AVERAGEIFS(中間データ!$K:$K,中間データ!$D:$D,$A8,中間データ!$P:$P,">="&DATE(2026,2,1),中間データ!$P:$P,"<="&DATE(2026,4,30)),"") | G8: =IFERROR(AVERAGEIFS(中間データ!$J:$J,中間データ!$D:$D,$A8,中間データ!$P:$P,">="&DATE(2026,2,1),中間データ!$P:$P,"<="&DATE(2026,4,30)),"")
A9: バックエンドエンジニア実践研修(PHP) 初級編 | B9: =IFERROR(COUNTIFS(中間データ!$D:$D,$A9,中間データ!$P:$P,">="&DATE(2026,2,1),中間データ!$P:$P,"<="&DATE(2026,4,30)),"") -> 0 | C9: =IFERROR(AVERAGEIFS(中間データ!$F:$F,中間データ!$D:$D,$A9,中間データ!$P:$P,">="&DATE(2026,2,1),中間データ!$P:$P,"<="&DATE(2026,4,30)),"") | D9: =IFERROR(AVERAGEIFS(中間データ!$H:$H,中間データ!$D:$D,$A9,中間データ!$P:$P,">="&DATE(2026,2,1),中間データ!$P:$P,"<="&DATE(2026,4,30)),"") | E9: =IFERROR(AVERAGEIFS(中間データ!$G:$G,中間データ!$D:$D,$A9,中間データ!$P:$P,">="&DATE(2026,2,1),中間データ!$P:$P,"<="&DATE(2026,4,30)),"") | F9: =IFERROR(AVERAGEIFS(中間データ!$K:$K,中間データ!$D:$D,$A9,中間データ!$P:$P,">="&DATE(2026,2,1),中間データ!$P:$P,"<="&DATE(2026,4,30)),"") | G9: =IFERROR(AVERAGEIFS(中間データ!$J:$J,中間データ!$D:$D,$A9,中間データ!$P:$P,">="&DATE(2026,2,1),中間データ!$P:$P,"<="&DATE(2026,4,30)),"")
A10: バックエンドエンジニア実践研修(PHP) 中級編 | B10: =IFERROR(COUNTIFS(中間データ!$D:$D,$A10,中間データ!$P:$P,">="&DATE(2026,2,1),中間データ!$P:$P,"<="&DATE(2026,4,30)),"") -> 0 | C10: =IFERROR(AVERAGEIFS(中間データ!$F:$F,中間データ!$D:$D,$A10,中間データ!$P:$P,">="&DATE(2026,2,1),中間データ!$P:$P,"<="&DATE(2026,4,30)),"") | D10: =IFERROR(AVERAGEIFS(中間データ!$H:$H,中間データ!$D:$D,$A10,中間データ!$P:$P,">="&DATE(2026,2,1),中間データ!$P:$P,"<="&DATE(2026,4,30)),"") | E10: =IFERROR(AVERAGEIFS(中間データ!$G:$G,中間データ!$D:$D,$A10,中間データ!$P:$P,">="&DATE(2026,2,1),中間データ!$P:$P,"<="&DATE(2026,4,30)),"") | F10: =IFERROR(AVERAGEIFS(中間データ!$K:$K,中間データ!$D:$D,$A10,中間データ!$P:$P,">="&DATE(2026,2,1),中間データ!$P:$P,"<="&DATE(2026,4,30)),"") | G10: =IFERROR(AVERAGEIFS(中間データ!$J:$J,中間データ!$D:$D,$A10,中間データ!$P:$P,">="&DATE(2026,2,1),中間データ!$P:$P,"<="&DATE(2026,4,30)),"")
A11: フロントエンドエンジニア実践研修(Vue.js) 初級編 | B11: =IFERROR(COUNTIFS(中間データ!$D:$D,$A11,中間データ!$P:$P,">="&DATE(2026,2,1),中間データ!$P:$P,"<="&DATE(2026,4,30)),"") -> 0 | C11: =IFERROR(AVERAGEIFS(中間データ!$F:$F,中間データ!$D:$D,$A11,中間データ!$P:$P,">="&DATE(2026,2,1),中間データ!$P:$P,"<="&DATE(2026,4,30)),"") | D11: =IFERROR(AVERAGEIFS(中間データ!$H:$H,中間データ!$D:$D,$A11,中間データ!$P:$P,">="&DATE(2026,2,1),中間データ!$P:$P,"<="&DATE(2026,4,30)),"") | E11: =IFERROR(AVERAGEIFS(中間データ!$G:$G,中間データ!$D:$D,$A11,中間データ!$P:$P,">="&DATE(2026,2,1),中間データ!$P:$P,"<="&DATE(2026,4,30)),"") | F11: =IFERROR(AVERAGEIFS(中間データ!$K:$K,中間データ!$D:$D,$A11,中間データ!$P:$P,">="&DATE(2026,2,1),中間データ!$P:$P,"<="&DATE(2026,4,30)),"") | G11: =IFERROR(AVERAGEIFS(中間データ!$J:$J,中間データ!$D:$D,$A11,中間データ!$P:$P,">="&DATE(2026,2,1),中間データ!$P:$P,"<="&DATE(2026,4,30)),"")
A12: フロントエンドエンジニア実践研修(Vue.js) 中級編 | B12: =IFERROR(COUNTIFS(中間データ!$D:$D,$A12,中間データ!$P:$P,">="&DATE(2026,2,1),中間データ!$P:$P,"<="&DATE(2026,4,30)),"") -> 0 | C12: =IFERROR(AVERAGEIFS(中間データ!$F:$F,中間データ!$D:$D,$A12,中間データ!$P:$P,">="&DATE(2026,2,1),中間データ!$P:$P,"<="&DATE(2026,4,30)),"") | D12: =IFERROR(AVERAGEIFS(中間データ!$H:$H,中間データ!$D:$D,$A12,中間データ!$P:$P,">="&DATE(2026,2,1),中間データ!$P:$P,"<="&DATE(2026,4,30)),"") | E12: =IFERROR(AVERAGEIFS(中間データ!$G:$G,中間データ!$D:$D,$A12,中間データ!$P:$P,">="&DATE(2026,2,1),中間データ!$P:$P,"<="&DATE(2026,4,30)),"") | F12: =IFERROR(AVERAGEIFS(中間データ!$K:$K,中間データ!$D:$D,$A12,中間データ!$P:$P,">="&DATE(2026,2,1),中間データ!$P:$P,"<="&DATE(2026,4,30)),"") | G12: =IFERROR(AVERAGEIFS(中間データ!$J:$J,中間データ!$D:$D,$A12,中間データ!$P:$P,">="&DATE(2026,2,1),中間データ!$P:$P,"<="&DATE(2026,4,30)),"")
A13: フロントエンドエンジニア実践研修(React) 初級編 | B13: =IFERROR(COUNTIFS(中間データ!$D:$D,$A13,中間データ!$P:$P,">="&DATE(2026,2,1),中間データ!$P:$P,"<="&DATE(2026,4,30)),"") -> 3 | C13: =IFERROR(AVERAGEIFS(中間データ!$F:$F,中間データ!$D:$D,$A13,中間データ!$P:$P,">="&DATE(2026,2,1),中間データ!$P:$P,"<="&DATE(2026,4,30)),"") -> 3.6666667 | D13: =IFERROR(AVERAGEIFS(中間データ!$H:$H,中間データ!$D:$D,$A13,中間データ!$P:$P,">="&DATE(2026,2,1),中間データ!$P:$P,"<="&DATE(2026,4,30)),"") -> 3.6666667 | E13: =IFERROR(AVERAGEIFS(中間データ!$G:$G,中間データ!$D:$D,$A13,中間データ!$P:$P,">="&DATE(2026,2,1),中間データ!$P:$P,"<="&DATE(2026,4,30)),"") -> 3.6666667 | F13: =IFERROR(AVERAGEIFS(中間データ!$K:$K,中間データ!$D:$D,$A13,中間データ!$P:$P,">="&DATE(2026,2,1),中間データ!$P:$P,"<="&DATE(2026,4,30)),"") -> 3.6666667 | G13: =IFERROR(AVERAGEIFS(中間データ!$J:$J,中間データ!$D:$D,$A13,中間データ!$P:$P,">="&DATE(2026,2,1),中間データ!$P:$P,"<="&DATE(2026,4,30)),"") -> 3.6666667
A14: フロントエンドエンジニア実践研修(React) 中級編 | B14: =IFERROR(COUNTIFS(中間データ!$D:$D,$A14,中間データ!$P:$P,">="&DATE(2026,2,1),中間データ!$P:$P,"<="&DATE(2026,4,30)),"") -> 1 | C14: =IFERROR(AVERAGEIFS(中間データ!$F:$F,中間データ!$D:$D,$A14,中間データ!$P:$P,">="&DATE(2026,2,1),中間データ!$P:$P,"<="&DATE(2026,4,30)),"") -> 3 | D14: =IFERROR(AVERAGEIFS(中間データ!$H:$H,中間データ!$D:$D,$A14,中間データ!$P:$P,">="&DATE(2026,2,1),中間データ!$P:$P,"<="&DATE(2026,4,30)),"") -> 4 | E14: =IFERROR(AVERAGEIFS(中間データ!$G:$G,中間データ!$D:$D,$A14,中間データ!$P:$P,">="&DATE(2026,2,1),中間データ!$P:$P,"<="&DATE(2026,4,30)),"") -> 4 | F14: =IFERROR(AVERAGEIFS(中間データ!$K:$K,中間データ!$D:$D,$A14,中間データ!$P:$P,">="&DATE(2026,2,1),中間データ!$P:$P,"<="&DATE(2026,4,30)),"") -> 4 | G14: =IFERROR(AVERAGEIFS(中間データ!$J:$J,中間データ!$D:$D,$A14,中間データ!$P:$P,">="&DATE(2026,2,1),中間データ!$P:$P,"<="&DATE(2026,4,30)),"") -> 3
... A18: クラウドインフラエンジニア実践研修(AWS) 中級編 | B18: =IFERROR(COUNTIFS(中間データ!$D:$D,$A18,中間データ!$P:$P,">="&DATE(2026,2,1),中間データ!$P:$P,"<="&DATE(2026,4,30)),"") -> 2 | C18: =IFERROR(AVERAGEIFS(中間データ!$F:$F,中間データ!$D:$D,$A18,中間データ!$P:$P,">="&DATE(2026,2,1),中間データ!$P:$P,"<="&DATE(2026,4,30)),"") -> 4 | D18: =IFERROR(AVERAGEIFS(中間データ!$H:$H,中間データ!$D:$D,$A18,中間データ!$P:$P,">="&DATE(2026,2,1),中間データ!$P:$P,"<="&DATE(2026,4,30)),"") -> 4 | E18: =IFERROR(AVERAGEIFS(中間データ!$G:$G,中間データ!$D:$D,$A18,中間データ!$P:$P,">="&DATE(2026,2,1),中間データ!$P:$P,"<="&DATE(2026,4,30)),"") -> 4 | F18: =IFERROR(AVERAGEIFS(中間データ!$K:$K,中間データ!$D:$D,$A18,中間データ!$P:$P,">="&DATE(2026,2,1),中間データ!$P:$P,"<="&DATE(2026,4,30)),"") -> 4 | G18: =IFERROR(AVERAGEIFS(中間データ!$J:$J,中間データ!$D:$D,$A18,中間データ!$P:$P,">="&DATE(2026,2,1),中間データ!$P:$P,"<="&DATE(2026,4,30)),"") -> 3.5
C19: =IFERROR(AVERAGEIFS(中間データ!$F:$F, 中間データ!$D:$D, $A19), "") -> 0 | D19: =IFERROR(AVERAGEIFS(中間データ!$H:$H, 中間データ!$D:$D, $A19), "") -> 0 | E19: =IFERROR(AVERAGEIFS(中間データ!$G:$G, 中間データ!$D:$D, $A19), "") -> 0 | F19: =IFERROR(AVERAGEIFS(中間データ!$K:$K,中間データ!$D:$D,$A19,中間データ!$P:$P,">="&DATE(2025,11,1),中間データ!$P:$P,"<="&DATE(2026,1,31)),"") | G19: =IFERROR(AVERAGEIFS(中間データ!$J:$J, 中間データ!$D:$D, $A19), "") -> 0
C20: =IFERROR(AVERAGEIFS(中間データ!$F:$F, 中間データ!$D:$D, $A20), "") -> 0 | D20: =IFERROR(AVERAGEIFS(中間データ!$H:$H, 中間データ!$D:$D, $A20), "") -> 0 | E20: =IFERROR(AVERAGEIFS(中間データ!$G:$G, 中間データ!$D:$D, $A20), "") -> 0 | F20: =IFERROR(AVERAGEIFS(中間データ!$K:$K, 中間データ!$D:$D, $A20), "") -> 0 | G20: =IFERROR(AVERAGEIFS(中間データ!$J:$J, 中間データ!$D:$D, $A20), "") -> 0
C21: =IFERROR(AVERAGEIFS(中間データ!$F:$F, 中間データ!$D:$D, $A21), "") -> 0 | D21: =IFERROR(AVERAGEIFS(中間データ!$H:$H, 中間データ!$D:$D, $A21), "") -> 0 | E21: =IFERROR(AVERAGEIFS(中間データ!$G:$G, 中間データ!$D:$D, $A21), "") -> 0 | F21: =IFERROR(AVERAGEIFS(中間データ!$K:$K, 中間データ!$D:$D, $A21), "") -> 0 | G21: =IFERROR(AVERAGEIFS(中間データ!$J:$J, 中間データ!$D:$D, $A21), "") -> 0
C22: =IFERROR(AVERAGEIFS(中間データ!$F:$F, 中間データ!$D:$D, $A22), "") -> 0 | D22: =IFERROR(AVERAGEIFS(中間データ!$H:$H, 中間データ!$D:$D, $A22), "") -> 0 | E22: =IFERROR(AVERAGEIFS(中間データ!$G:$G, 中間データ!$D:$D, $A22), "") -> 0 | F22: =IFERROR(AVERAGEIFS(中間データ!$K:$K, 中間データ!$D:$D, $A22), "") -> 0 | G22: =IFERROR(AVERAGEIFS(中間データ!$J:$J, 中間データ!$D:$D, $A22), "") -> 0
C23: =IFERROR(AVERAGEIFS(中間データ!$F:$F, 中間データ!$D:$D, $A23), "") -> 0 | D23: =IFERROR(AVERAGEIFS(中間データ!$H:$H, 中間データ!$D:$D, $A23), "") -> 0 | E23: =IFERROR(AVERAGEIFS(中間データ!$G:$G, 中間データ!$D:$D, $A23), "") -> 0 | F23: =IFERROR(AVERAGEIFS(中間データ!$K:$K, 中間データ!$D:$D, $A23), "") -> 0 | G23: =IFERROR(AVERAGEIFS(中間データ!$J:$J, 中間データ!$D:$D, $A23), "") -> 0
C24: =IFERROR(AVERAGEIFS(中間データ!$F:$F, 中間データ!$D:$D, $A24), "") -> 0 | D24: =IFERROR(AVERAGEIFS(中間データ!$H:$H, 中間データ!$D:$D, $A24), "") -> 0 | E24: =IFERROR(AVERAGEIFS(中間データ!$G:$G, 中間データ!$D:$D, $A24), "") -> 0 | F24: =IFERROR(AVERAGEIFS(中間データ!$K:$K, 中間データ!$D:$D, $A24), "") -> 0 | G24: =IFERROR(AVERAGEIFS(中間データ!$J:$J, 中間データ!$D:$D, $A24), "") -> 0
